date,close
2017-01-01,992.95
2017-01-02,1011.45
2017-01-03,1020.67
2017-01-04,1130.3
2017-01-05,1007.0
2017-01-06,895.71
2017-01-07,909.0
2017-01-08,923.33
2017-01-09,902.66
2017-01-10,907.0
2017-01-11,795.77
2017-01-12,812.25
2017-01-13,831.42
2017-01-14,828.0
2017-01-15,833.31
2017-01-16,834.41
2017-01-17,906.0
2017-01-18,887.99
2017-01-19,902.92
2017-01-20,894.31
2017-01-21,925.06
2017-01-22,931.22
2017-01-23,910.7
2017-01-24,887.0
2017-01-25,896.0
2017-01-26,917.02
2017-01-27,922.63
2017-01-28,924.98
2017-01-29,916.54
2017-01-30,923.23
2017-01-31,970.01
2017-02-01,992.75
2017-02-02,1008.38
2017-02-03,1018.0
2017-02-04,1035.54
2017-02-05,1016.32
2017-02-06,1022.58
2017-02-07,1053.96
2017-02-08,1056.7
2017-02-09,994.24
2017-02-10,1001.99
2017-02-11,1018.65
2017-02-12,1010.0
2017-02-13,1002.82
2017-02-14,1013.92
2017-02-15,1014.53
2017-02-16,1038.94
2017-02-17,1057.3
2017-02-18,1062.15
2017-02-19,1059.88
2017-02-20,1089.82
2017-02-21,1128.29
2017-02-22,1128.71
2017-02-23,1186.9
2017-02-24,1186.91
2017-02-25,1158.0
2017-02-26,1184.91
2017-02-27,1195.81
2017-02-28,1195.08
2017-03-01,1230.0
2017-03-02,1269.17
2017-03-03,1292.86
2017-03-04,1273.97
2017-03-05,1278.98
2017-03-06,1284.99
2017-03-07,1237.36
2017-03-08,1150.22
2017-03-09,1197.3
2017-03-10,1109.01
2017-03-11,1188.11
2017-03-12,1235.58
2017-03-13,1245.49
2017-03-14,1247.42
2017-03-15,1263.0
2017-03-16,1175.11
2017-03-17,1069.57
2017-03-18,970.0
2017-03-19,1019.49
2017-03-20,1044.96
2017-03-21,1114.42
2017-03-22,1034.57
2017-03-23,1025.14
2017-03-24,934.87
2017-03-25,963.72
2017-03-26,973.08
2017-03-27,1042.08
2017-03-28,1045.4
2017-03-29,1043.27
2017-03-30,1042.34
2017-03-31,1088.99
2017-04-01,1092.0
2017-04-02,1113.99
2017-04-03,1152.6
2017-04-04,1143.99
2017-04-05,1132.99
2017-04-06,1192.3
2017-04-07,1194.0
2017-04-08,1184.5
2017-04-09,1210.97
2017-04-10,1210.0
2017-04-11,1223.99
2017-04-12,1214.17
2017-04-13,1177.05
2017-04-14,1173.74
2017-04-15,1178.85
2017-04-16,1177.99
2017-04-17,1189.91
2017-04-18,1201.94
2017-04-19,1214.21
2017-04-20,1236.15
2017-04-21,1249.99
2017-04-22,1247.0
2017-04-23,1251.98
2017-04-24,1257.29
2017-04-25,1281.16
2017-04-26,1298.44
2017-04-27,1349.26
2017-04-28,1353.34
2017-04-29,1365.43
2017-04-30,1384.55
2017-05-01,1436.5
2017-05-02,1471.99
2017-05-03,1533.0
2017-05-04,1563.39
2017-05-05,1551.3
2017-05-06,1585.39
2017-05-07,1609.57
2017-05-08,1713.0
2017-05-09,1720.43
2017-05-10,1794.99
2017-05-11,1837.93
2017-05-12,1695.61
2017-05-13,1792.73
2017-05-14,1799.99
2017-05-15,1747.81
2017-05-16,1777.48
2017-05-17,1813.23
2017-05-18,1899.16
2017-05-19,1976.23
2017-05-20,2058.91
2017-05-21,2057.0
2017-05-22,2123.29
2017-05-23,2272.75
2017-05-24,2432.97
2017-05-25,2355.0
2017-05-26,2272.7
2017-05-27,2099.99
2017-05-28,2232.78
2017-05-29,2279.48
2017-05-30,2191.58
2017-05-31,2303.29
2017-06-01,2419.99
2017-06-02,2478.99
2017-06-03,2548.05
2017-06-04,2521.36
2017-06-05,2698.0
2017-06-06,2871.29
2017-06-07,2685.64
2017-06-08,2799.73
2017-06-09,2811.39
2017-06-10,2931.15
2017-06-11,2998.98
2017-06-12,2655.71
2017-06-13,2709.01
2017-06-14,2432.21
2017-06-15,2409.98
2017-06-16,2480.43
2017-06-17,2634.94
2017-06-18,2515.25
2017-06-19,2596.98
2017-06-20,2725.08
2017-06-21,2643.35
2017-06-22,2679.99
2017-06-23,2690.76
2017-06-24,2574.84
2017-06-25,2505.61
2017-06-26,2407.91
2017-06-27,2575.75
2017-06-28,2553.12
2017-06-29,2530.0
2017-06-30,2455.19
2017-07-01,2423.63
2017-07-02,2516.66
2017-07-03,2542.41
2017-07-04,2602.0
2017-07-05,2616.96
2017-07-06,2604.84
2017-07-07,2501.15
2017-07-08,2561.11
2017-07-09,2508.99
2017-07-10,2331.05
2017-07-11,2310.01
2017-07-12,2383.42
2017-07-13,2340.0
2017-07-14,2217.24
2017-07-15,1964.31
2017-07-16,1911.78
2017-07-17,2235.19
2017-07-18,2308.15
2017-07-19,2258.99
2017-07-20,2873.48
2017-07-21,2657.45
2017-07-22,2825.27
2017-07-23,2754.28
2017-07-24,2762.26
2017-07-25,2564.0
2017-07-26,2525.99
2017-07-27,2664.99
2017-07-28,2786.07
2017-07-29,2700.21
2017-07-30,2723.99
2017-07-31,2856.88
2017-08-01,2732.59
2017-08-02,2699.9
2017-08-03,2787.02
2017-08-04,2857.34
2017-08-05,3243.49
2017-08-06,3222.22
2017-08-07,3398.23
2017-08-08,3422.43
2017-08-09,3342.8
2017-08-10,3444.98
2017-08-11,3656.15
2017-08-12,3874.0
2017-08-13,4060.47
2017-08-14,4320.6
2017-08-15,4159.93
2017-08-16,4370.01
2017-08-17,4280.01
2017-08-18,4101.72
2017-08-19,4157.41
2017-08-20,4050.99
2017-08-21,4002.0
2017-08-22,4092.0
2017-08-23,4143.49
2017-08-24,4312.03
2017-08-25,4360.0
2017-08-26,4344.32
2017-08-27,4340.11
2017-08-28,4384.99
2017-08-29,4599.0
2017-08-30,4581.98
2017-08-31,4743.94
2017-09-01,4947.99
2017-09-02,4649.99
2017-09-03,4626.05
2017-09-04,4498.25
2017-09-05,4432.51
2017-09-06,4616.18
2017-09-07,4624.18
2017-09-08,4350.0
2017-09-09,4334.36
2017-09-10,4251.36
2017-09-11,4210.72
2017-09-12,4164.52
2017-09-13,3855.32
2017-09-14,3250.4
2017-09-15,3740.02
2017-09-16,3726.51
2017-09-17,3719.97
2017-09-18,4100.0
2017-09-19,3910.11
2017-09-20,3872.06
2017-09-21,3617.47
2017-09-22,3619.01
2017-09-23,3787.33
2017-09-24,3669.01
2017-09-25,3919.78
2017-09-26,3885.09
2017-09-27,4200.0
2017-09-28,4189.42
2017-09-29,4156.99
2017-09-30,4339.0
2017-10-01,4394.81
2017-10-02,4392.71
2017-10-03,4307.99
2017-10-04,4214.84
2017-10-05,4320.04
2017-10-06,4362.99
2017-10-07,4425.0
2017-10-08,4603.49
2017-10-09,4769.55
2017-10-10,4750.0
2017-10-11,4814.99
2017-10-12,5440.0
2017-10-13,5624.8
2017-10-14,5819.13
2017-10-15,5693.7
2017-10-16,5754.9
2017-10-17,5594.0
2017-10-18,5574.44
2017-10-19,5704.01
2017-10-20,5989.1
2017-10-21,6024.86
2017-10-22,6005.05
2017-10-23,5905.99
2017-10-24,5525.43
2017-10-25,5739.97
2017-10-26,5891.61
2017-10-27,5780.0
2017-10-28,5752.01
2017-10-29,6140.01
2017-10-30,6124.16
2017-10-31,6445.01
2017-11-01,6783.69
2017-11-02,7039.98
2017-11-03,7170.01
2017-11-04,7412.55
2017-11-05,7392.0
2017-11-06,6969.76
2017-11-07,7126.63
2017-11-08,7467.96
2017-11-09,7156.0
2017-11-10,6577.62
2017-11-11,6346.7
2017-11-12,5886.35
2017-11-13,6535.87
2017-11-14,6605.0
2017-11-15,7294.0
2017-11-16,7838.53
2017-11-17,7714.71
2017-11-18,7777.01
2017-11-19,8031.82
2017-11-20,8256.01
2017-11-21,8109.0
2017-11-22,8250.0
2017-11-23,8031.16
2017-11-24,8215.01
2017-11-25,8795.5
2017-11-26,9401.11
2017-11-27,9768.71
2017-11-28,9949.0
2017-11-29,9935.98
2017-11-30,9903.0
2017-12-01,10869.84
2017-12-02,10930.24
2017-12-03,11290.0
2017-12-04,11643.98
2017-12-05,11718.35
2017-12-06,14090.0
2017-12-07,17390.01
2017-12-08,16367.03
2017-12-09,15309.98
2017-12-10,15290.01
2017-12-11,16885.76
2017-12-12,17730.12
2017-12-13,16689.61
2017-12-14,16749.78
2017-12-15,17738.67
2017-12-16,19650.01
2017-12-17,19378.99
2017-12-18,19039.01
2017-12-19,17838.73
2017-12-20,16496.89
2017-12-21,15758.8
2017-12-22,14210.57
2017-12-23,15075.89
2017-12-24,14221.94
2017-12-25,14171.98
2017-12-26,15790.88
2017-12-27,15367.08
2017-12-28,14450.01
2017-12-29,14565.05
2017-12-30,12839.99
2017-12-31,13863.13
2018-01-01,13480.01
2018-01-02,14781.51
2018-01-03,15098.14
2018-01-04,15144.99
2018-01-05,16960.01
2018-01-06,17098.99
2018-01-07,16174.22
2018-01-08,14993.74
2018-01-09,14480.99
2018-01-10,14875.18
2018-01-11,13308.06
2018-01-12,13820.0
2018-01-13,14187.95
2018-01-14,13656.23
2018-01-15,13590.0
2018-01-16,11570.01
2018-01-17,11200.01
2018-01-18,11305.53
2018-01-19,11498.99
2018-01-20,12762.8
2018-01-21,11518.17
2018-01-22,10766.7
2018-01-23,10824.94
2018-01-24,11356.79
2018-01-25,11118.0
2018-01-26,11086.89
2018-01-27,11319.0
2018-01-28,11536.0
2018-01-29,11123.01
2018-01-30,9995.0
2018-01-31,10099.99
2018-02-01,9014.23
2018-02-02,8787.52
2018-02-03,9240.0
2018-02-04,8167.91
2018-02-05,6905.19
2018-02-06,7688.46
2018-02-07,7575.75
2018-02-08,8218.1
2018-02-09,8671.01
2018-02-10,8547.49
2018-02-11,8072.99
2018-02-12,8872.28
2018-02-13,8520.01
2018-02-14,9472.98
2018-02-15,10031.23
2018-02-16,10167.49
2018-02-17,11121.5
2018-02-18,10380.04
2018-02-19,11140.0
2018-02-20,11235.57
2018-02-21,10454.27
2018-02-22,9830.0
2018-02-23,10144.99
2018-02-24,9688.62
2018-02-25,9597.99
2018-02-26,10300.0
2018-02-27,10566.57
2018-02-28,10307.27
2018-03-01,10895.92
2018-03-02,11000.0
2018-03-03,11432.5
2018-03-04,11469.9
2018-03-05,11377.54
2018-03-06,10700.0
2018-03-07,9925.0
2018-03-08,9304.89
2018-03-09,9255.0
2018-03-10,8795.44
2018-03-11,9533.88
2018-03-12,9120.0
2018-03-13,9145.41
2018-03-14,8207.02
2018-03-15,8259.99
2018-03-16,8275.0
2018-03-17,7857.6
2018-03-18,8192.0
2018-03-19,8589.0
2018-03-20,8900.0
2018-03-21,8891.81
2018-03-22,8715.09
2018-03-23,8927.1
2018-03-24,8531.34
2018-03-25,8453.0
2018-03-26,8145.0
2018-03-27,7793.61
2018-03-28,7942.72
2018-03-29,7080.0
2018-03-30,6848.01
2018-03-31,6928.5
2018-04-01,6816.01
2018-04-02,7045.01
2018-04-03,7424.9
2018-04-04,6791.68
2018-04-05,6785.85
2018-04-06,6619.01
2018-04-07,6894.01
2018-04-08,7020.01
2018-04-09,6771.13
2018-04-10,6824.99
2018-04-11,6942.99
2018-04-12,7916.0
2018-04-13,7893.19
2018-04-14,8003.11
2018-04-15,8355.25
2018-04-16,8048.93
2018-04-17,7892.1
2018-04-18,8152.05
2018-04-19,8274.0
2018-04-20,8866.27
2018-04-21,8915.42
2018-04-22,8795.01
2018-04-23,8931.3
2018-04-24,9645.1
2018-04-25,8865.98
2018-04-26,9272.11
2018-04-27,8922.55
2018-04-28,9329.99
2018-04-29,9389.01
2018-04-30,9243.83
2018-05-01,9072.29
2018-05-02,9190.48
2018-05-03,9725.74
2018-05-04,9685.0
2018-05-05,9800.0
2018-05-06,9600.0
2018-05-07,9353.0
2018-05-08,9177.82
2018-05-09,9300.08
2018-05-10,9010.51
2018-05-11,8403.33
2018-05-12,8475.0
2018-05-13,8686.1
2018-05-14,8670.0
2018-05-15,8477.46
2018-05-16,8344.0
2018-05-17,8059.0
2018-05-18,8238.51
2018-05-19,8235.6
2018-05-20,8516.86
2018-05-21,8393.44
2018-05-22,7987.7
2018-05-23,7505.0
2018-05-24,7584.15
2018-05-25,7459.11
2018-05-26,7337.95
2018-05-27,7346.64
2018-05-28,7107.94
2018-05-29,7460.0
2018-05-30,7380.01
2018-05-31,7485.0
2018-06-01,7514.32
2018-06-02,7636.42
2018-06-03,7706.37
2018-06-04,7487.37
2018-06-05,7612.51
2018-06-06,7655.0
2018-06-07,7684.93
2018-06-08,7618.8
2018-06-09,7496.4
2018-06-10,6770.31
2018-06-11,6881.0
2018-06-12,6545.0
2018-06-13,6302.31
2018-06-14,6638.49
2018-06-15,6391.22
2018-06-16,6484.29
2018-06-17,6447.16
2018-06-18,6709.02
2018-06-19,6736.41
2018-06-20,6759.18
2018-06-21,6719.01
2018-06-22,6059.82
2018-06-23,6178.29
2018-06-24,6149.99
2018-06-25,6246.01
2018-06-26,6074.0
2018-06-27,6132.17
2018-06-28,5851.66
2018-06-29,6202.36
2018-06-30,6383.19
2018-07-01,6349.5
2018-07-02,6611.79
2018-07-03,6502.62
2018-07-04,6587.47
2018-07-05,6532.95
2018-07-06,6600.0
2018-07-07,6753.28
2018-07-08,6701.97
2018-07-09,6664.01
2018-07-10,6303.7
2018-07-11,6390.04
2018-07-12,6249.75
2018-07-13,6216.29
2018-07-14,6248.65
2018-07-15,6348.73
2018-07-16,6728.81
2018-07-17,7315.01
2018-07-18,7378.99
2018-07-19,7470.01
2018-07-20,7334.46
2018-07-21,7408.0
2018-07-22,7397.8
2018-07-23,7720.09
2018-07-24,8385.5
2018-07-25,8157.15
2018-07-26,7931.99
2018-07-27,8184.21
2018-07-28,8228.9
2018-07-29,8216.34
2018-07-30,8170.01
2018-07-31,7727.27
2018-08-01,7603.99
2018-08-02,7533.92
2018-08-03,7414.08
2018-08-04,7005.0
2018-08-05,7030.01
2018-08-06,6938.0
2018-08-07,6718.22
2018-08-08,6282.5
2018-08-09,6546.45
2018-08-10,6146.01
2018-08-11,6235.56
2018-08-12,6316.01
2018-08-13,6253.67
2018-08-14,6195.01
2018-08-15,6269.01
2018-08-16,6315.9
2018-08-17,6585.49
2018-08-18,6396.64
2018-08-19,6489.53
2018-08-20,6258.74
2018-08-21,6475.89
2018-08-22,6359.99
2018-08-23,6526.36
2018-08-24,6690.88
2018-08-25,6737.52
2018-08-26,6709.98
2018-08-27,6911.9
2018-08-28,7071.01
2018-08-29,7030.9
2018-08-30,6983.0
2018-08-31,7015.01
2018-09-01,7191.08
2018-09-02,7295.0
2018-09-03,7256.98
2018-09-04,7360.0
2018-09-05,6687.96
2018-09-06,6495.0
2018-09-07,6395.01
2018-09-08,6188.0
2018-09-09,6235.01
2018-09-10,6300.0
2018-09-11,6282.53
2018-09-12,6326.0
2018-09-13,6485.99
2018-09-14,6478.04
2018-09-15,6518.68
2018-09-16,6498.0
2018-09-17,6250.7
2018-09-18,6335.7
2018-09-19,6386.94
2018-09-20,6493.11
2018-09-21,6750.0
2018-09-22,6707.33
2018-09-23,6696.99
2018-09-24,6582.09
2018-09-25,6436.89
2018-09-26,6455.66
2018-09-27,6680.01
2018-09-28,6620.01
2018-09-29,6581.0
2018-09-30,6605.0
2018-10-01,6572.83
2018-10-02,6498.46
2018-10-03,6466.03
2018-10-04,6547.45
2018-10-05,6593.94
2018-10-06,6552.43
2018-10-07,6570.0
2018-10-08,6608.07
2018-10-09,6589.48
2018-10-10,6524.56
2018-10-11,6154.69
2018-10-12,6188.01
2018-10-13,6196.0
2018-10-14,6183.49
2018-10-15,6440.42
2018-10-16,6457.11
2018-10-17,6443.7
2018-10-18,6394.96
2018-10-19,6382.99
2018-10-20,6414.0
2018-10-21,6415.88
2018-10-22,6407.65
2018-10-23,6395.14
2018-10-24,6415.98
2018-10-25,6395.58
2018-10-26,6404.87
2018-10-27,6409.12
2018-10-28,6403.62
2018-10-29,6266.0
2018-10-30,6267.63
2018-10-31,6304.18
2018-11-01,6344.0
2018-11-02,6349.8
2018-11-03,6331.96
2018-11-04,6423.28
2018-11-05,6404.0
2018-11-06,6448.5
2018-11-07,6503.12
2018-11-08,6406.24
2018-11-09,6334.89
2018-11-10,6347.42
2018-11-11,6357.6
2018-11-12,6327.87
2018-11-13,6259.34
2018-11-14,5605.46
2018-11-15,5579.52
2018-11-16,5512.24
2018-11-17,5504.17
2018-11-18,5560.0
2018-11-19,4733.5
2018-11-20,4349.23
2018-11-21,4545.11
2018-11-22,4265.36
2018-11-23,4283.8
2018-11-24,3774.99
2018-11-25,3936.69
2018-11-26,3731.32
2018-11-27,3775.0
2018-11-28,4225.03
2018-11-29,4248.0
2018-11-30,3976.0
2018-12-01,4142.01
2018-12-02,4103.19
2018-12-03,3833.47
2018-12-04,3901.84
2018-12-05,3694.39
2018-12-06,3433.26
2018-12-07,3380.01
2018-12-08,3401.0
2018-12-09,3531.18
2018-12-10,3410.15
2018-12-11,3349.36
2018-12-12,3430.24
2018-12-13,3265.0
2018-12-14,3195.71
2018-12-15,3183.0
2018-12-16,3195.0
2018-12-17,3496.82
2018-12-18,3667.77
2018-12-19,3682.51
2018-12-20,4075.34
2018-12-21,3839.06
2018-12-22,3980.46
2018-12-23,3944.93
2018-12-24,4034.0
2018-12-25,3780.0
2018-12-26,3809.88
2018-12-27,3589.89
2018-12-28,3888.06
2018-12-29,3729.31
2018-12-30,3829.0
2018-12-31,3691.86
2019-01-01,3826.1
2019-01-02,3890.79
2019-01-03,3787.57
2019-01-04,3820.82
2019-01-05,3798.62
2019-01-06,4040.99
2019-01-07,4006.01
2019-01-08,3993.86
2019-01-09,4004.12
2019-01-10,3626.12
2019-01-11,3635.69
2019-01-12,3619.41
2019-01-13,3514.24
2019-01-14,3664.19
2019-01-15,3580.76
2019-01-16,3609.71
2019-01-17,3640.65
2019-01-18,3607.85
2019-01-19,3682.65
2019-01-20,3536.19
2019-01-21,3531.76
2019-01-22,3577.03
2019-01-23,3553.01
2019-01-24,3568.97
2019-01-25,3562.17
2019-01-26,3556.07
2019-01-27,3531.02
2019-01-28,3429.95
2019-01-29,3397.42
2019-01-30,3437.55
2019-01-31,3411.5
2019-02-01,3437.5
2019-02-02,3468.43
2019-02-03,3414.78
2019-02-04,3409.57
2019-02-05,3428.4
2019-02-06,3367.36
2019-02-07,3359.0
2019-02-08,3621.99
2019-02-09,3623.73
2019-02-10,3648.84
2019-02-11,3590.36
2019-02-12,3588.06
2019-02-13,3576.68
2019-02-14,3561.5
2019-02-15,3566.59
2019-02-16,3582.37
2019-02-17,3625.08
2019-02-18,3867.0
2019-02-19,3888.01
2019-02-20,3938.99
2019-02-21,3897.71
2019-02-22,3942.02
2019-02-23,4110.0
2019-02-24,3734.22
2019-02-25,3818.79
2019-02-26,3799.48
2019-02-27,3799.91
2019-02-28,3792.14
2019-03-01,3806.17
2019-03-02,3809.7
2019-03-03,3786.93
2019-03-04,3700.72
2019-03-05,3844.59
2019-03-06,3851.89
2019-03-07,3857.05
2019-03-08,3843.12
2019-03-09,3917.0
2019-03-10,3900.92
2019-03-11,3849.68
2019-03-12,3860.0
2019-03-13,3851.02
2019-03-14,3853.95
2019-03-15,3902.8
2019-03-16,3990.0
2019-03-17,3967.01
2019-03-18,3970.5
2019-03-19,4000.85
2019-03-20,4031.85
2019-03-21,3972.76
2019-03-22,3983.78
2019-03-23,3983.43
2019-03-24,3969.52
2019-03-25,3907.53
2019-03-26,3921.45
2019-03-27,4026.53
2019-03-28,4011.17
2019-03-29,4091.01
2019-03-30,4094.14
2019-03-31,4094.99
2019-04-01,4137.0
2019-04-02,4901.93
2019-04-03,4975.97
2019-04-04,4906.49
2019-04-05,5040.66
2019-04-06,5049.22
2019-04-07,5194.79
2019-04-08,5285.54
2019-04-09,5187.21
2019-04-10,5318.58
2019-04-11,5041.3
2019-04-12,5078.19
2019-04-13,5066.22
2019-04-14,5164.27
2019-04-15,5029.99
2019-04-16,5202.9
2019-04-17,5227.0
2019-04-18,5281.81
2019-04-19,5290.36
2019-04-20,5319.89
2019-04-21,5297.64
2019-04-22,5387.6
2019-04-23,5532.75
2019-04-24,5441.9
2019-04-25,5134.81
2019-04-26,5159.51
2019-04-27,5170.6
2019-04-28,5155.0
2019-04-29,5148.25
2019-04-30,5270.69
2019-05-01,5321.15
2019-05-02,5390.01
2019-05-03,5657.4
2019-05-04,5770.01
2019-05-05,5715.86
2019-05-06,5687.9
2019-05-07,5748.45
2019-05-08,5948.41
2019-05-09,6153.09
2019-05-10,6343.14
2019-05-11,7219.95
2019-05-12,6979.76
2019-05-13,7824.93
2019-05-14,7990.92
2019-05-15,8203.32
2019-05-16,7878.96
2019-05-17,7363.69
2019-05-18,7262.4
2019-05-19,8200.0
2019-05-20,7999.54
2019-05-21,7951.7
2019-05-22,7626.48
2019-05-23,7881.98
2019-05-24,8001.7
2019-05-25,8063.81
2019-05-26,8731.72
2019-05-27,8772.29
2019-05-28,8715.36
2019-05-29,8662.44
2019-05-30,8279.69
2019-05-31,8554.06
2019-06-01,8558.95
2019-06-02,8736.55
2019-06-03,8107.96
2019-06-04,7670.96
2019-06-05,7789.48
2019-06-06,7805.0
2019-06-07,7998.13
2019-06-08,7930.14
2019-06-09,7634.58
2019-06-10,8015.69
2019-06-11,7918.17
2019-06-12,8176.02
2019-06-13,8239.04
2019-06-14,8697.46
2019-06-15,8860.23
2019-06-16,8975.0
2019-06-17,9333.14
2019-06-18,9078.48
2019-06-19,9277.54
2019-06-20,9531.21
2019-06-21,10236.2
2019-06-22,10666.86
2019-06-23,10833.02
2019-06-24,11032.32
2019-06-25,11755.53
2019-06-26,12927.44
2019-06-27,11159.29
2019-06-28,12360.45
2019-06-29,11865.29
2019-06-30,10761.26
2019-07-01,10577.63
2019-07-02,10829.18
2019-07-03,11976.42
2019-07-04,11136.0
2019-07-05,11004.51
2019-07-06,11237.77
2019-07-07,11474.42
2019-07-08,12293.53
2019-07-09,12571.11
2019-07-10,12097.96
2019-07-11,11349.0
2019-07-12,11802.0
2019-07-13,11370.08
2019-07-14,10185.03
2019-07-15,10854.47
2019-07-16,9422.72
2019-07-17,9696.31
2019-07-18,10649.07
2019-07-19,10538.06
2019-07-20,10761.03
2019-07-21,10590.7
2019-07-22,10323.39
2019-07-23,9840.12
2019-07-24,9772.6
2019-07-25,9883.33
2019-07-26,9843.0
2019-07-27,9479.98
2019-07-28,9533.0
2019-07-29,9495.01
2019-07-30,9589.01
2019-07-31,10087.3
2019-08-01,10405.94
2019-08-02,10533.01
2019-08-03,10820.76
2019-08-04,10977.51
2019-08-05,11819.49
2019-08-06,11465.49
2019-08-07,11975.03
2019-08-08,11981.0
2019-08-09,11856.1
2019-08-10,11280.95
2019-08-11,11540.76
2019-08-12,11389.28
2019-08-13,10854.92
2019-08-14,10025.86
2019-08-15,10300.01
2019-08-16,10352.78
2019-08-17,10217.79
2019-08-18,10315.48
2019-08-19,10920.0
2019-08-20,10769.09
2019-08-21,10130.0
2019-08-22,10107.15
2019-08-23,10410.85
2019-08-24,10147.96
2019-08-25,10138.72
2019-08-26,10361.65
2019-08-27,10171.85
2019-08-28,9714.31
2019-08-29,9495.0
2019-08-30,9582.42
2019-08-31,9600.86
2019-09-01,9766.52
2019-09-02,10381.26
2019-09-03,10628.48
2019-09-04,10581.84
2019-09-05,10574.73
2019-09-06,10308.92
2019-09-07,10484.37
2019-09-08,10398.97
2019-09-09,10310.0
2019-09-10,10093.01
2019-09-11,10160.2
2019-09-12,10423.72
2019-09-13,10365.93
2019-09-14,10360.25
2019-09-15,10304.46
2019-09-16,10262.54
2019-09-17,10185.39
2019-09-18,10155.26
2019-09-19,10275.01
2019-09-20,10168.85
2019-09-21,9973.99
2019-09-22,10026.8
2019-09-23,9693.74
2019-09-24,8530.01
2019-09-25,8438.35
2019-09-26,8060.0
2019-09-27,8193.99
2019-09-28,8217.47
2019-09-29,8052.4
2019-09-30,8304.96
2019-10-01,8321.52
2019-10-02,8381.72
2019-10-03,8240.41
2019-10-04,8156.67
2019-10-05,8147.63
2019-10-06,7859.79
2019-10-07,8209.0
2019-10-08,8180.0
2019-10-09,8590.0
2019-10-10,8587.5
2019-10-11,8267.33
2019-10-12,8309.03
2019-10-13,8282.97
2019-10-14,8355.0
2019-10-15,8162.44
2019-10-16,7993.54
2019-10-17,8076.2
2019-10-18,7954.16
2019-10-19,7965.28
2019-10-20,8236.12
2019-10-21,8209.92
2019-10-22,8024.72
2019-10-23,7474.85
2019-10-24,7430.87
2019-10-25,8668.0
2019-10-26,9259.78
2019-10-27,9548.84
2019-10-28,9226.5
2019-10-29,9430.8
2019-10-30,9164.44
2019-10-31,9159.48
2019-11-01,9253.12
2019-11-02,9308.52
2019-11-03,9206.52
2019-11-04,9412.53
2019-11-05,9322.09
2019-11-06,9341.27
2019-11-07,9198.84
2019-11-08,8763.01
2019-11-09,8807.89
2019-11-10,9032.23
2019-11-11,8721.54
2019-11-12,8810.0
2019-11-13,8758.34
2019-11-14,8630.0
2019-11-15,8457.48
2019-11-16,8481.0
2019-11-17,8500.01
2019-11-18,8168.84
2019-11-19,8123.36
2019-11-20,8082.96
2019-11-21,7616.46
2019-11-22,7283.03
2019-11-23,7329.29
2019-11-24,6908.64
2019-11-25,7127.01
2019-11-26,7162.67
2019-11-27,7523.72
2019-11-28,7432.41
2019-11-29,7760.0
2019-11-30,7555.92
2019-12-01,7404.27
2019-12-02,7305.01
2019-12-03,7302.94
2019-12-04,7198.99
2019-12-05,7393.54
2019-12-06,7540.08
2019-12-07,7502.19
2019-12-08,7520.0
2019-12-09,7337.51
2019-12-10,7219.37
2019-12-11,7201.23
2019-12-12,7185.91
2019-12-13,7249.9
2019-12-14,7062.91
2019-12-15,7111.0
2019-12-16,6877.03
2019-12-17,6616.62
2019-12-18,7285.53
2019-12-19,7149.12
2019-12-20,7190.0
2019-12-21,7143.01
2019-12-22,7513.06
2019-12-23,7310.79
2019-12-24,7255.01
2019-12-25,7192.12
2019-12-26,7194.13
2019-12-27,7245.83
2019-12-28,7302.67
2019-12-29,7384.89
2019-12-30,7218.0
2019-12-31,7165.72
2020-01-01,7174.33
2020-01-02,6945.02
2020-01-03,7334.45
2020-01-04,7348.63
2020-01-05,7355.4
2020-01-06,7764.63
2020-01-07,8158.52
2020-01-08,8045.51
2020-01-09,7813.78
2020-01-10,8198.09
2020-01-11,8020.0
2020-01-12,8180.81
2020-01-13,8104.5
2020-01-14,8815.69
2020-01-15,8808.81
2020-01-16,8714.76
2020-01-17,8899.42
2020-01-18,8909.32
2020-01-19,8697.53
2020-01-20,8628.89
2020-01-21,8722.03
2020-01-22,8660.38
2020-01-23,8385.22
2020-01-24,8427.26
2020-01-25,8326.81
2020-01-26,8595.0
2020-01-27,8895.96
2020-01-28,9394.5
2020-01-29,9288.44
2020-01-30,9503.08
2020-01-31,9334.98
2020-02-01,9380.18
2020-02-02,9323.5
2020-02-03,9280.49
2020-02-04,9164.33
2020-02-05,9613.82
2020-02-06,9763.01
2020-02-07,9808.05
2020-02-08,9905.64
2020-02-09,10168.35
2020-02-10,9851.78
2020-02-11,10270.01
2020-02-12,10351.13
2020-02-13,10236.49
2020-02-14,10371.33
2020-02-15,9911.22
2020-02-16,9921.0
2020-02-17,9700.0
2020-02-18,10188.04
2020-02-19,9600.08
2020-02-20,9610.05
2020-02-21,9695.66
2020-02-22,9668.23
2020-02-23,9965.01
2020-02-24,9660.0
2020-02-25,9305.0
2020-02-26,8778.3
2020-02-27,8812.49
2020-02-28,8708.89
2020-02-29,8525.07
2020-03-01,8522.31
2020-03-02,8915.0
2020-03-03,8757.84
2020-03-04,8760.66
2020-03-05,9070.17
2020-03-06,9158.51
2020-03-07,8901.37
2020-03-08,8037.76
2020-03-09,7934.52
2020-03-10,7894.68
2020-03-11,7938.05
2020-03-12,4857.1
2020-03-13,5637.6
2020-03-14,5165.25
2020-03-15,5345.35
2020-03-16,5037.61
2020-03-17,5331.71
2020-03-18,5413.64
2020-03-19,6186.26
2020-03-20,6206.1
2020-03-21,6198.78
2020-03-22,5818.25
2020-03-23,6490.63
2020-03-24,6766.64
2020-03-25,6690.96
2020-03-26,6758.18
2020-03-27,6372.36
2020-03-28,6251.82
2020-03-29,5877.21
2020-03-30,6406.4
2020-03-31,6424.35
2020-04-01,6666.11
2020-04-02,6804.52
2020-04-03,6741.99
2020-04-04,6874.77
2020-04-05,6778.25
2020-04-06,7341.56
2020-04-07,7200.01
2020-04-08,7370.11
2020-04-09,7293.24
2020-04-10,6871.91
2020-04-11,6889.65
2020-04-12,6908.13
2020-04-13,6861.21
2020-04-14,6877.37
2020-04-15,6624.12
2020-04-16,7112.64
2020-04-17,7037.46
2020-04-18,7261.76
2020-04-19,7130.71
2020-04-20,6838.19
2020-04-21,6853.68
2020-04-22,7136.84
2020-04-23,7488.83
2020-04-24,7514.64
2020-04-25,7547.61
2020-04-26,7706.4
2020-04-27,7789.77
2020-04-28,7755.01
2020-04-29,8793.75
2020-04-30,8624.28
2020-05-01,8829.42
2020-05-02,8985.58
2020-05-03,8909.95
2020-05-04,8883.53
2020-05-05,9028.79
2020-05-06,9155.79
2020-05-07,10004.77
2020-05-08,9810.0
2020-05-09,9537.21
2020-05-10,8729.86
2020-05-11,8572.4
2020-05-12,8821.42
2020-05-13,9321.26
2020-05-14,9795.34
2020-05-15,9312.1
2020-05-16,9383.16
2020-05-17,9676.63
2020-05-18,9728.52
2020-05-19,9783.76
2020-05-20,9509.41
2020-05-21,9061.96
2020-05-22,9168.84
2020-05-23,9181.76
2020-05-24,8715.73
2020-05-25,8899.31
2020-05-26,8844.42
2020-05-27,9208.53
2020-05-28,9580.19
2020-05-29,9423.84
2020-05-30,9700.33
2020-05-31,9446.57
2020-06-01,10208.96
2020-06-02,9522.46
2020-06-03,9668.07
2020-06-04,9788.03
2020-06-05,9613.21
2020-06-06,9671.7
2020-06-07,9750.12
2020-06-08,9781.51
2020-06-09,9779.41
2020-06-10,9894.04
2020-06-11,9268.16
2020-06-12,9464.17
2020-06-13,9475.0
2020-06-14,9325.0
2020-06-15,9432.53
2020-06-16,9526.25
2020-06-17,9457.51
2020-06-18,9376.14
2020-06-19,9301.91
2020-06-20,9355.74
2020-06-21,9286.14
2020-06-22,9690.74
2020-06-23,9623.56
2020-06-24,9285.91
2020-06-25,9243.51
2020-06-26,9155.42
2020-06-27,9002.46
2020-06-28,9113.24
2020-06-29,9184.45
2020-06-30,9136.2
2020-07-01,9239.97
2020-07-02,9091.53
2020-07-03,9063.87
2020-07-04,9138.51
2020-07-05,9074.39
2020-07-06,9343.31
2020-07-07,9253.94
2020-07-08,9435.28
2020-07-09,9236.95
2020-07-10,9291.05
2020-07-11,9235.0
2020-07-12,9303.37
2020-07-13,9236.92
2020-07-14,9256.94
2020-07-15,9190.16
2020-07-16,9130.11
2020-07-17,9154.29
2020-07-18,9175.85
2020-07-19,9212.87
2020-07-20,9161.05
2020-07-21,9394.14
2020-07-22,9536.18
2020-07-23,9613.24
2020-07-24,9551.21
2020-07-25,9711.33
2020-07-26,9941.0
2020-07-27,11048.91
2020-07-28,10934.23
2020-07-29,11110.12
2020-07-30,11115.95
2020-07-31,11351.62
2020-08-01,11810.07
2020-08-02,11068.54
2020-08-03,11233.13
2020-08-04,11197.04
2020-08-05,11756.75
2020-08-06,11773.89
2020-08-07,11606.52
2020-08-08,11774.98
2020-08-09,11688.48
2020-08-10,11899.73
2020-08-11,11388.53
2020-08-12,11566.45
2020-08-13,11795.95
2020-08-14,11779.0
2020-08-15,11859.24
2020-08-16,11918.84
2020-08-17,12304.26
2020-08-18,11950.0
2020-08-19,11758.87
2020-08-20,11864.26
2020-08-21,11529.22
2020-08-22,11672.93
2020-08-23,11650.01
2020-08-24,11753.85
2020-08-25,11324.92
2020-08-26,11463.27
2020-08-27,11330.06
2020-08-28,11535.0
2020-08-29,11474.31
2020-08-30,11716.01
2020-08-31,11655.0
2020-09-01,11924.22
2020-09-02,11395.48
2020-09-03,10172.52
2020-09-04,10500.05
2020-09-05,10168.36
2020-09-06,10257.86
2020-09-07,10375.0
2020-09-08,10125.69
2020-09-09,10224.56
2020-09-10,10343.23
2020-09-11,10394.41
2020-09-12,10446.52
2020-09-13,10336.76
2020-09-14,10679.95
2020-09-15,10783.75
2020-09-16,10959.61
2020-09-17,10943.61
2020-09-18,10937.52
2020-09-19,11080.0
2020-09-20,10920.89
2020-09-21,10416.82
2020-09-22,10531.13
2020-09-23,10235.1
2020-09-24,10740.01
2020-09-25,10690.53
2020-09-26,10730.0
2020-09-27,10778.2
2020-09-28,10695.55
2020-09-29,10840.73
2020-09-30,10779.63
2020-10-01,10617.63
2020-10-02,10573.12
2020-10-03,10551.65
2020-10-04,10671.11
2020-10-05,10795.0
2020-10-06,10602.66
2020-10-07,10670.47
2020-10-08,10933.09
2020-10-09,11057.07
2020-10-10,11299.5
2020-10-11,11374.01
2020-10-12,11535.46
2020-10-13,11428.22
2020-10-14,11427.7
2020-10-15,11509.34
2020-10-16,11328.95
2020-10-17,11367.89
2020-10-18,11514.2
2020-10-19,11760.45
2020-10-20,11923.83
2020-10-21,12808.0
2020-10-22,12987.02
2020-10-23,12937.09
2020-10-24,13126.24
2020-10-25,13045.0
2020-10-26,13068.79
2020-10-27,13698.18
2020-10-28,13281.05
2020-10-29,13460.0
2020-10-30,13571.51
2020-10-31,13804.81
2020-11-01,13771.59
2020-11-02,13563.22
2020-11-03,14035.8
2020-11-04,14161.48
2020-11-05,15608.21
2020-11-06,15599.95
2020-11-07,14834.09
2020-11-08,15482.9
2020-11-09,15342.25
2020-11-10,15315.03
2020-11-11,15705.79
2020-11-12,16310.81
2020-11-13,16339.56
2020-11-14,16082.01
2020-11-15,15966.89
2020-11-16,16726.64
2020-11-17,17679.36
2020-11-18,17782.91
2020-11-19,17821.58
2020-11-20,18675.25
2020-11-21,18721.21
2020-11-22,18437.66
2020-11-23,18384.82
2020-11-24,19172.84
2020-11-25,18721.93
2020-11-26,17170.0
2020-11-27,17153.95
2020-11-28,17739.85
2020-11-29,18202.04
2020-11-30,19713.94
2020-12-01,18782.97
2020-12-02,19225.63
2020-12-03,19448.64
2020-12-04,18658.1
2020-12-05,19158.96
2020-12-06,19375.6
2020-12-07,19177.71
2020-12-08,18316.22
2020-12-09,18546.55
2020-12-10,18253.44
2020-12-11,18042.15
2020-12-12,18821.28
2020-12-13,19166.65
2020-12-14,19272.37
2020-12-15,19444.6
2020-12-16,21359.65
2020-12-17,22826.48
2020-12-18,23137.76
2020-12-19,23849.99
2020-12-20,23476.51
2020-12-21,22729.4
2020-12-22,23823.27
2020-12-23,23228.35
2020-12-24,23717.96
2020-12-25,24704.71
2020-12-26,26475.35
2020-12-27,26258.65
2020-12-28,27040.36
2020-12-29,27366.35
2020-12-30,28897.42
2020-12-31,28990.08
2021-01-01,29412.84
2021-01-02,32225.91
2021-01-03,33080.66
2021-01-04,32019.99
2021-01-05,34030.64
2021-01-06,36859.26
2021-01-07,39505.56
2021-01-08,40665.15
2021-01-09,40257.43
2021-01-10,38171.57
2021-01-11,35452.59
2021-01-12,34038.98
2021-01-13,37393.66
2021-01-14,39125.14
2021-01-15,36754.67
2021-01-16,36006.94
2021-01-17,35820.0
2021-01-18,36624.23
2021-01-19,35917.28
2021-01-20,35503.09
2021-01-21,30855.95
2021-01-22,32984.93
2021-01-23,32112.01
2021-01-24,32288.56
2021-01-25,32261.87
2021-01-26,32510.82
2021-01-27,30407.13
2021-01-28,33488.99
2021-01-29,34262.11
2021-01-30,34315.63
2021-01-31,33137.74
2021-02-01,33533.19
2021-02-02,35512.67
2021-02-03,37678.37
2021-02-04,36975.0
2021-02-05,38311.49
2021-02-06,39265.43
2021-02-07,38871.42
2021-02-08,46448.1
2021-02-09,46514.73
2021-02-10,44850.0
2021-02-11,47997.91
2021-02-12,47408.34
2021-02-13,47232.45
2021-02-14,48680.69
2021-02-15,47936.37
2021-02-16,49158.71
2021-02-17,52170.01
2021-02-18,51601.73
2021-02-19,55983.56
2021-02-20,55923.52
2021-02-21,57489.16
2021-02-22,54142.13
2021-02-23,48899.99
2021-02-24,49737.82
2021-02-25,47058.48
2021-02-26,46326.2
2021-02-27,46180.75
2021-02-28,45231.75
2021-03-01,49639.4
2021-03-02,48511.6
2021-03-03,50360.0
2021-03-04,48368.52
2021-03-05,48769.47
2021-03-06,48909.84
2021-03-07,50978.61
2021-03-08,52415.23
2021-03-09,54916.38
2021-03-10,55890.69
2021-03-11,57815.47
2021-03-12,57225.91
2021-03-13,61178.5
2021-03-14,58972.7
2021-03-15,55636.15
2021-03-16,56927.11
2021-03-17,58925.54
2021-03-18,57644.95
2021-03-19,58039.66
2021-03-20,58116.7
2021-03-21,57363.32
2021-03-22,54110.07
2021-03-23,54345.54
2021-03-24,52276.16
2021-03-25,51325.01
2021-03-26,55072.44
2021-03-27,55856.53
2021-03-28,55778.82
2021-03-29,57613.48
2021-03-30,58786.46
2021-03-31,58800.0
2021-04-01,58726.48
2021-04-02,58981.04
2021-04-03,57094.34
2021-04-04,58215.94
2021-04-05,59123.02
2021-04-06,58019.98
2021-04-07,55955.75
2021-04-08,58083.1
2021-04-09,58092.68
2021-04-10,59778.6
2021-04-11,59985.26
2021-04-12,59839.82
2021-04-13,63588.22
2021-04-14,62971.8
2021-04-15,63229.04
2021-04-16,61427.27
2021-04-17,60058.86
2021-04-18,56274.41
2021-04-19,55696.83
2021-04-20,56499.29
2021-04-21,53800.86
2021-04-22,51701.59
2021-04-23,51187.27
2021-04-24,50089.15
2021-04-25,49121.0
2021-04-26,54053.6
2021-04-27,55069.62
2021-04-28,54894.03
2021-04-29,53580.0
2021-04-30,57798.77
2021-05-01,57859.28
2021-05-02,56625.2
2021-05-03,57212.73
2021-05-04,53241.92
2021-05-05,57515.69
2021-05-06,56440.66
2021-05-07,57380.39
2021-05-08,58958.05
2021-05-09,58312.57
2021-05-10,55866.41
2021-05-11,56753.19
2021-05-12,49498.77
2021-05-13,49690.11
2021-05-14,49893.48
2021-05-15,46775.51
2021-05-16,46450.79
2021-05-17,43580.5
2021-05-18,42857.15
2021-05-19,36731.75
2021-05-20,40623.33
2021-05-21,37340.77
2021-05-22,37476.83
2021-05-23,34758.67
2021-05-24,38878.56
2021-05-25,38361.81
2021-05-26,39293.23
2021-05-27,38556.88
2021-05-28,35680.47
2021-05-29,34627.82
2021-05-30,35669.44
2021-05-31,37279.31
2021-06-01,36685.0
2021-06-02,37577.91
2021-06-03,39248.55
2021-06-04,36856.52
2021-06-05,35539.49
2021-06-06,35800.48
2021-06-07,33575.91
2021-06-08,33402.13
2021-06-09,37403.86
2021-06-10,36694.05
2021-06-11,37338.44
2021-06-12,35557.33
2021-06-13,39015.24
2021-06-14,40539.47
2021-06-15,40162.37
2021-06-16,38351.0
2021-06-17,38095.17
2021-06-18,35841.81
2021-06-19,35484.79
2021-06-20,35585.78
2021-06-21,31609.82
2021-06-22,32538.37
2021-06-23,33688.35
2021-06-24,34654.58
2021-06-25,31594.63
2021-06-26,32275.19
2021-06-27,34709.23
2021-06-28,34493.22
2021-06-29,35904.28
2021-06-30,35060.0
2021-07-01,33516.11
2021-07-02,33805.02
2021-07-03,34682.16
2021-07-04,35284.05
2021-07-05,33697.78
2021-07-06,34225.73
2021-07-07,33878.56
2021-07-08,32875.95
2021-07-09,33824.26
2021-07-10,33515.35
2021-07-11,34259.23
2021-07-12,33091.1
2021-07-13,32734.14
2021-07-14,32816.39
2021-07-15,31868.68
2021-07-16,31388.06
2021-07-17,31533.91
2021-07-18,31788.25
2021-07-19,30842.03
2021-07-20,29796.16
2021-07-21,32135.19
2021-07-22,32287.74
2021-07-23,33647.26
2021-07-24,34283.01
2021-07-25,35428.26
2021-07-26,37262.77
2021-07-27,39470.48
2021-07-28,40035.1
2021-07-29,40039.44
2021-07-30,42237.95
2021-07-31,41495.01
2021-08-01,39865.41
2021-08-02,39149.59
2021-08-03,38191.44
2021-08-04,39722.41
2021-08-05,40888.74
2021-08-06,42869.58
2021-08-07,44637.34
2021-08-08,43829.14
2021-08-09,46285.48
2021-08-10,45595.66
2021-08-11,45553.49
2021-08-12,44422.14
2021-08-13,47833.64
2021-08-14,47109.65
2021-08-15,47014.49
2021-08-16,45902.46
2021-08-17,44671.58
2021-08-18,44707.98
2021-08-19,46765.87
2021-08-20,49342.4
2021-08-21,48867.02
2021-08-22,49284.63
2021-08-23,49506.5
2021-08-24,47682.45
2021-08-25,48987.33
2021-08-26,46851.47
2021-08-27,49077.57
2021-08-28,48942.94
2021-08-29,48802.58
2021-08-30,46993.71
2021-08-31,47112.5
2021-09-01,48839.86
2021-09-02,49279.37
2021-09-03,50025.0
2021-09-04,49942.98
2021-09-05,51789.17
2021-09-06,52698.81
2021-09-07,46894.5
2021-09-08,46060.36
2021-09-09,46400.0
2021-09-10,44851.45
2021-09-11,45171.83
2021-09-12,46024.23
2021-09-13,44947.72
2021-09-14,47127.22
2021-09-15,48148.12
2021-09-16,47753.16
2021-09-17,47303.5
2021-09-18,48314.56
2021-09-19,47255.92
2021-09-20,43012.97
2021-09-21,40719.6
2021-09-22,43575.1
2021-09-23,44897.59
2021-09-24,42848.92
2021-09-25,42705.51
2021-09-26,43178.02
2021-09-27,42171.76
2021-09-28,41026.07
2021-09-29,41522.16
2021-09-30,43824.43
2021-10-01,48165.76
2021-10-02,47657.69
2021-10-03,48233.99
2021-10-04,49245.54
2021-10-05,51493.99
2021-10-06,55339.48
2021-10-07,53797.82
2021-10-08,53963.82
2021-10-09,54962.29
2021-10-10,54690.53
2021-10-11,57487.44
2021-10-12,56005.1
2021-10-13,57367.32
2021-10-14,57359.51
2021-10-15,61695.39
2021-10-16,60877.42
2021-10-17,61527.11
2021-10-18,62042.41
2021-10-19,64303.14
2021-10-20,66026.54
2021-10-21,62204.02
2021-10-22,60687.64
2021-10-23,61300.01
2021-10-24,60854.48
2021-10-25,63083.54
2021-10-26,60337.62
2021-10-27,58455.47
2021-10-28,60591.65
2021-10-29,62276.72
2021-10-30,61892.41
2021-10-31,61343.68
2021-11-01,60949.54
2021-11-02,63266.51
2021-11-03,62935.41
2021-11-04,61444.5
2021-11-05,61006.15
2021-11-06,61539.31
2021-11-07,63309.13
2021-11-08,67554.84
2021-11-09,66944.66
2021-11-10,64912.2
2021-11-11,64807.59
2021-11-12,64147.9
2021-11-13,64400.01
2021-11-14,65505.02
2021-11-15,63624.59
2021-11-16,60107.98
2021-11-17,60351.51
2021-11-18,56898.0
2021-11-19,58122.16
2021-11-20,59760.76
2021-11-21,58671.21
2021-11-22,56280.81
2021-11-23,57566.85
2021-11-24,57162.66
2021-11-25,58987.27
2021-11-26,53757.67
2021-11-27,54759.05
2021-11-28,57317.17
2021-11-29,57838.06
2021-11-30,56987.97
2021-12-01,57226.5
2021-12-02,56521.46
2021-12-03,53638.04
2021-12-04,49241.12
2021-12-05,49484.22
2021-12-06,50529.56
2021-12-07,50625.48
2021-12-08,50519.68
2021-12-09,47568.43
2021-12-10,47170.94
2021-12-11,49407.75
2021-12-12,50089.64
2021-12-13,46727.89
2021-12-14,48367.43
2021-12-15,48884.78
2021-12-16,47634.22
2021-12-17,46166.5
2021-12-18,46859.46
2021-12-19,46687.19
2021-12-20,46926.07
2021-12-21,48914.7
2021-12-22,48608.62
2021-12-23,50842.2
2021-12-24,50851.38
2021-12-25,50428.31
2021-12-26,50801.79
2021-12-27,50717.77
2021-12-28,47543.09
2021-12-29,46471.24
2021-12-30,47122.08
2021-12-31,46211.24
2022-01-01,47733.43
2022-01-02,47299.07
2022-01-03,46459.56
2022-01-04,45814.61
2022-01-05,43436.04
2022-01-06,43083.76
2022-01-07,41565.18
2022-01-08,41684.84
2022-01-09,41876.52
2022-01-10,41824.07
2022-01-11,42753.44
2022-01-12,43920.37
2022-01-13,42581.65
2022-01-14,43090.72
2022-01-15,43098.2
2022-01-16,43104.34
2022-01-17,42218.01
2022-01-18,42369.74
2022-01-19,41674.27
2022-01-20,40670.97
2022-01-21,36456.94
2022-01-22,35066.43
2022-01-23,36282.47
2022-01-24,36693.32
2022-01-25,36980.0
2022-01-26,36840.63
2022-01-27,37188.37
2022-01-28,37741.9
2022-01-29,38191.1
2022-01-30,37901.35
2022-01-31,38491.93
2022-02-01,38716.88
2022-02-02,36923.39
2022-02-03,37329.91
2022-02-04,41614.64
2022-02-05,41404.85
2022-02-06,42415.16
2022-02-07,43868.07
2022-02-08,44085.59
2022-02-09,44416.35
2022-02-10,43527.71
2022-02-11,42386.47
2022-02-12,42244.97
2022-02-13,42074.99
2022-02-14,42548.71
2022-02-15,44583.52
2022-02-16,43895.56
2022-02-17,40536.73
2022-02-18,39983.56
2022-02-19,40101.94
2022-02-20,38389.03
2022-02-21,37023.0
2022-02-22,38251.48
2022-02-23,37268.19
2022-02-24,38347.3
2022-02-25,39238.48
2022-02-26,39137.8
2022-02-27,37717.08
2022-02-28,43192.66
2022-03-01,44439.95
2022-03-02,43912.34
2022-03-03,42464.41
2022-03-04,39166.51
2022-03-05,39402.43
2022-03-06,38408.38
2022-03-07,37994.0
2022-03-08,38749.38
2022-03-09,41953.97
2022-03-10,39433.71
2022-03-11,38732.04
2022-03-12,38813.02
2022-03-13,37793.01
2022-03-14,39674.17
2022-03-15,39298.1
2022-03-16,41127.97
2022-03-17,40950.33
2022-03-18,41774.98
2022-03-19,42232.26
2022-03-20,41287.24
2022-03-21,41017.71
2022-03-22,42378.26
2022-03-23,42899.71
2022-03-24,44012.29
2022-03-25,44331.85
2022-03-26,44539.42
2022-03-27,46850.01
2022-03-28,47144.92
2022-03-29,47454.19
2022-03-30,47078.03
2022-03-31,45528.45
2022-04-01,46296.34
2022-04-02,45826.27
2022-04-03,46422.16
2022-04-04,46596.83
2022-04-05,45506.5
2022-04-06,43166.7
2022-04-07,43452.18
2022-04-08,42262.02
2022-04-09,42766.93
2022-04-10,42165.96
2022-04-11,39535.87
2022-04-12,40086.23
2022-04-13,41146.68
2022-04-14,39954.08
2022-04-15,40554.58
2022-04-16,40387.6
2022-04-17,39683.54
2022-04-18,40803.58
2022-04-19,41503.85
2022-04-20,41377.61
2022-04-21,40480.81
2022-04-22,39712.25
2022-04-23,39465.87
2022-04-24,39464.56
2022-04-25,40439.22
2022-04-26,38113.82
2022-04-27,39251.11
2022-04-28,39743.22
2022-04-29,38593.1
2022-04-30,37644.1
2022-05-01,38473.05
2022-05-02,38510.89
2022-05-03,37719.59
2022-05-04,39669.56
2022-05-05,36537.22
2022-05-06,35999.1
2022-05-07,35458.0
2022-05-08,34027.91
2022-05-09,30078.27
2022-05-10,31002.39
2022-05-11,28972.34
2022-05-12,28941.95
2022-05-13,29232.18
2022-05-14,30041.88
2022-05-15,31290.05
2022-05-16,29839.89
2022-05-17,30412.12
2022-05-18,28672.94
2022-05-19,30274.59
2022-05-20,29155.75
2022-05-21,29408.26
2022-05-22,30260.87
2022-05-23,29082.52
2022-05-24,29626.44
2022-05-25,29503.49
2022-05-26,29166.06
2022-05-27,28598.31
2022-05-28,29008.99
2022-05-29,29447.07
2022-05-30,31711.42
2022-05-31,31784.05
2022-06-01,29788.79
2022-06-02,30433.75
2022-06-03,29670.85
2022-06-04,29843.18
2022-06-05,29901.54
2022-06-06,31343.61
2022-06-07,31106.9
2022-06-08,30177.0
2022-06-09,30079.62
2022-06-10,29063.11
2022-06-11,28388.63
2022-06-12,26555.2
2022-06-13,22460.97
2022-06-14,22120.25
2022-06-15,22562.33
2022-06-16,20372.0
2022-06-17,20447.86
2022-06-18,18948.89
2022-06-19,20552.44
2022-06-20,20549.75
2022-06-21,20696.96
2022-06-22,19968.46
2022-06-23,21104.45
2022-06-24,21223.72
2022-06-25,21478.04
2022-06-26,21027.92
2022-06-27,20725.17
2022-06-28,20252.89
2022-06-29,20094.79
2022-06-30,19985.62
2022-07-01,19252.76
2022-07-02,19224.03
2022-07-03,19291.33
2022-07-04,20211.35
2022-07-05,20153.51
2022-07-06,20542.67
2022-07-07,21614.6
2022-07-08,21582.2
2022-07-09,21583.99
2022-07-10,20850.65
2022-07-11,19942.43
2022-07-12,19303.65
2022-07-13,20220.23
2022-07-14,20577.02
2022-07-15,20827.55
2022-07-16,21189.68
2022-07-17,20791.74
2022-07-18,22427.56
2022-07-19,23395.06
2022-07-20,23226.99
2022-07-21,23153.96
2022-07-22,22687.68
2022-07-23,22450.69
2022-07-24,22583.43
2022-07-25,21313.41
2022-07-26,21261.57
2022-07-27,22962.59
2022-07-28,23851.7
2022-07-29,23784.5
2022-07-30,23650.13
2022-07-31,23307.44
2022-08-01,23273.86
2022-08-02,22989.4
2022-08-03,22825.0
2022-08-04,22623.94
2022-08-05,23320.81
2022-08-06,22960.93
2022-08-07,23177.39
2022-08-08,23815.65
2022-08-09,23158.27
2022-08-10,23962.18
2022-08-11,23944.86
2022-08-12,24415.18
2022-08-13,24456.49
2022-08-14,24316.71
2022-08-15,24097.82
2022-08-16,23857.93
2022-08-17,23341.17
2022-08-18,23189.46
2022-08-19,20834.94
2022-08-20,21139.23
2022-08-21,21518.62
2022-08-22,21398.25
2022-08-23,21528.34
2022-08-24,21367.12
2022-08-25,21561.86
2022-08-26,20240.72
2022-08-27,20036.69
2022-08-28,19554.03
2022-08-29,20286.97
2022-08-30,19813.17
2022-08-31,20048.26
2022-09-01,20133.65
2022-09-02,19953.74
2022-09-03,19835.47
2022-09-04,20004.73
2022-09-05,19794.58
2022-09-06,18790.91
2022-09-07,19293.52
2022-09-08,19321.87
2022-09-09,21364.5
2022-09-10,21651.52
2022-09-11,21831.72
2022-09-12,22402.71
2022-09-13,20174.78
2022-09-14,20227.77
2022-09-15,19703.67
2022-09-16,19801.04
2022-09-17,20113.37
2022-09-18,19417.64
2022-09-19,19540.38
2022-09-20,18876.91
2022-09-21,18462.64
2022-09-22,19401.25
2022-09-23,19286.01
2022-09-24,18923.2
2022-09-25,18808.61
2022-09-26,19228.0
2022-09-27,19077.57
2022-09-28,19412.07
2022-09-29,19595.57
2022-09-30,19426.11
2022-10-01,19315.27
2022-10-02,19059.17
2022-10-03,19633.46
2022-10-04,20345.19
2022-10-05,20161.62
2022-10-06,19965.64
2022-10-07,19533.05
2022-10-08,19419.39
2022-10-09,19443.47
2022-10-10,19132.83
2022-10-11,19058.11
2022-10-12,19155.92
2022-10-13,19378.65
2022-10-14,19178.0
2022-10-15,19070.24
2022-10-16,19264.44
2022-10-17,19550.4
2022-10-18,19328.76
2022-10-19,19124.18
2022-10-20,19042.48
2022-10-21,19166.45
2022-10-22,19209.1
2022-10-23,19572.44
2022-10-24,19330.41
2022-10-25,20086.28
2022-10-26,20775.4
2022-10-27,20296.97
2022-10-28,20597.91
2022-10-29,20823.53
2022-10-30,20630.68
2022-10-31,20489.94
2022-11-01,20479.63
2022-11-02,20151.4
2022-11-03,20206.88
2022-11-04,21144.2
2022-11-05,21300.45
2022-11-06,20909.17
2022-11-07,20593.49
2022-11-08,18550.25
2022-11-09,15891.96
2022-11-10,17553.89
2022-11-11,17013.62
2022-11-12,16783.33
2022-11-13,16301.39
2022-11-14,16590.73
2022-11-15,16877.93
2022-11-16,16645.24
2022-11-17,16680.47
2022-11-18,16680.59
2022-11-19,16683.02
2022-11-20,16252.53
2022-11-21,15760.14
2022-11-22,16199.71
2022-11-23,16587.0
2022-11-24,16587.61
2022-11-25,16510.9
2022-11-26,16450.93
2022-11-27,16419.88
2022-11-28,16206.3
2022-11-29,16438.0
2022-11-30,17167.33
2022-12-01,16980.08
2022-12-02,17094.71
2022-12-03,16888.53
2022-12-04,17108.9
2022-12-05,16966.05
2022-12-06,17089.05
2022-12-07,16840.0
2022-12-08,17226.01
2022-12-09,17130.59
2022-12-10,17128.1
2022-12-11,17085.21
2022-12-12,17211.66
2022-12-13,17773.18
2022-12-14,17804.97
2022-12-15,17357.96
2022-12-16,16632.64
2022-12-17,16782.25
2022-12-18,16741.16
2022-12-19,16439.74
2022-12-20,16897.65
2022-12-21,16826.56
2022-12-22,16815.51
2022-12-23,16777.21
2022-12-24,16837.12
2022-12-25,16829.02
2022-12-26,16917.96
2022-12-27,16698.73
2022-12-28,16539.66
2022-12-29,16627.54
2022-12-30,16600.1
2022-12-31,16530.35
2023-01-01,16611.58
2023-01-02,16666.95
2023-01-03,16669.47
2023-01-04,16844.42
2023-01-05,16825.69
2023-01-06,16948.06
2023-01-07,16942.37
2023-01-08,17125.18
2023-01-09,17177.98
2023-01-10,17443.5
2023-01-11,17944.27
2023-01-12,18847.75
2023-01-13,19934.88
2023-01-14,20957.02
2023-01-15,20879.7
2023-01-16,21187.5
2023-01-17,21136.33
2023-01-18,20674.29
2023-01-19,21084.22
2023-01-20,22669.81
2023-01-21,22789.37
2023-01-22,22714.87
2023-01-23,22920.29
2023-01-24,22636.17
2023-01-25,23062.36
2023-01-26,23010.47
2023-01-27,23084.4
2023-01-28,23028.95
2023-01-29,23745.8
2023-01-30,22836.03
2023-01-31,23128.86
2023-02-01,23735.97
2023-02-02,23493.84
2023-02-03,23433.54
2023-02-04,23328.87
2023-02-05,22936.34
2023-02-06,22764.07
2023-02-07,23244.67
2023-02-08,22964.38
2023-02-09,21800.63
2023-02-10,21628.97
2023-02-11,21863.73
2023-02-12,21789.8
2023-02-13,21789.14
2023-02-14,22206.27
2023-02-15,24329.04
2023-02-16,23516.15
2023-02-17,24577.6
2023-02-18,24636.23
2023-02-19,24281.31
2023-02-20,24844.97
2023-02-21,24454.43
2023-02-22,24184.44
2023-02-23,23943.32
2023-02-24,23186.88
2023-02-25,23159.71
2023-02-26,23556.83
2023-02-27,23489.52
2023-02-28,23145.32
2023-03-01,23631.52
2023-03-02,23468.24
2023-03-03,22358.18
2023-03-04,22350.95
2023-03-05,22432.69
2023-03-06,22410.31
2023-03-07,22198.48
2023-03-08,21698.37
2023-03-09,20367.01
2023-03-10,20230.08
2023-03-11,20620.54
2023-03-12,22219.08
2023-03-13,24220.0
2023-03-14,24762.65
2023-03-15,24377.16
2023-03-16,25051.85
2023-03-17,27453.62
2023-03-18,26980.35
2023-03-19,28054.46
2023-03-20,27823.32
2023-03-21,28207.33
2023-03-22,27325.15
2023-03-23,28352.94
2023-03-24,27489.24
2023-03-25,27488.18
2023-03-26,27992.9
2023-03-27,27142.87
2023-03-28,27274.15
2023-03-29,28359.54
2023-03-30,28035.48
2023-03-31,28474.4
2023-04-01,28471.46
2023-04-02,28188.34
2023-04-03,27811.77
2023-04-04,28179.64
2023-04-05,28175.37
2023-04-06,28053.46
2023-04-07,27931.94
2023-04-08,27958.81
2023-04-09,28340.99
2023-04-10,29660.41
2023-04-11,30227.19
2023-04-12,29912.2
2023-04-13,30406.78
2023-04-14,30492.92
2023-04-15,30324.11
2023-04-16,30326.09
2023-04-17,29449.91
2023-04-18,30393.4
2023-04-19,28809.72
2023-04-20,28248.18
2023-04-21,27253.85
2023-04-22,27821.41
2023-04-23,27592.98
2023-04-24,27515.05
2023-04-25,28304.42
2023-04-26,28426.08
2023-04-27,29483.72
2023-04-28,29338.63
2023-04-29,29249.35
2023-04-30,29247.14
2023-05-01,28077.27
2023-05-02,28684.4
2023-05-03,29038.75
2023-05-04,28857.23
2023-05-05,29536.76
2023-05-06,28902.66
2023-05-07,28474.53
2023-05-08,27695.06
2023-05-09,27647.29
2023-05-10,27624.01
2023-05-11,26986.56
2023-05-12,26808.84
2023-05-13,26789.48
2023-05-14,26929.98
2023-05-15,27171.13
2023-05-16,27037.68
2023-05-17,27407.77
2023-05-18,26820.49
2023-05-19,26890.27
2023-05-20,27113.61
2023-05-21,26752.65
2023-05-22,26854.73
2023-05-23,27223.22
2023-05-24,26321.4
2023-05-25,26479.06
2023-05-26,26714.86
2023-05-27,26867.99
2023-05-28,28070.04
2023-05-29,27744.82
2023-05-30,27700.15
2023-05-31,27223.08
2023-06-01,26828.42
2023-06-02,27250.69
2023-06-03,27077.6
2023-06-04,27122.04
2023-06-05,25741.5
2023-06-06,27243.63
2023-06-07,26346.41
2023-06-08,26508.32
2023-06-09,26482.81
2023-06-10,25856.1
2023-06-11,25937.02
2023-06-12,25905.82
2023-06-13,25930.23
2023-06-14,25123.34
2023-06-15,25569.99
2023-06-16,26329.6
2023-06-17,26506.56
2023-06-18,26336.46
2023-06-19,26837.78
2023-06-20,28320.43
2023-06-21,29995.08
2023-06-22,29886.31
2023-06-23,30707.61
2023-06-24,30547.18
2023-06-25,30480.24
2023-06-26,30272.18
2023-06-27,30697.38
2023-06-28,30074.94
2023-06-29,30446.47
2023-06-30,30466.72
2023-07-01,30587.21
2023-07-02,30613.51
2023-07-03,31161.8
2023-07-04,30771.25
2023-07-05,30499.27
2023-07-06,29899.38
2023-07-07,30352.08
2023-07-08,30291.69
2023-07-09,30168.38
2023-07-10,30419.89
2023-07-11,30626.55
2023-07-12,30381.81
2023-07-13,31471.83
2023-07-14,30330.52
2023-07-15,30301.65
2023-07-16,30247.64
2023-07-17,30143.08
2023-07-18,29861.93
2023-07-19,29916.72
2023-07-20,29809.13
2023-07-21,29907.98
2023-07-22,29795.03
2023-07-23,30081.61
2023-07-24,29176.98
2023-07-25,29225.14
2023-07-26,29353.23
2023-07-27,29214.92
2023-07-28,29316.15
2023-07-29,29355.71
2023-07-30,29281.39
2023-07-31,29230.67
2023-08-01,29697.27
2023-08-02,29164.22
2023-08-03,29174.18
2023-08-04,29076.48
2023-08-05,29047.12
2023-08-06,29040.01
2023-08-07,29179.21
2023-08-08,29770.01
2023-08-09,29562.76
2023-08-10,29424.03
2023-08-11,29400.45
2023-08-12,29416.96
2023-08-13,29275.94
2023-08-14,29405.49
2023-08-15,29170.14
2023-08-16,28700.51
2023-08-17,26627.57
2023-08-18,26048.89
2023-08-19,26096.42
2023-08-20,26189.14
2023-08-21,26125.18
2023-08-22,26042.11
2023-08-23,26427.54
2023-08-24,26163.49
2023-08-25,26049.39
2023-08-26,26009.61
2023-08-27,26091.16
2023-08-28,26101.04
2023-08-29,27717.98
2023-08-30,27306.06
2023-08-31,25932.45
2023-09-01,25794.88
2023-09-02,25867.83
2023-09-03,25969.83
2023-09-04,25816.13
2023-09-05,25783.91
2023-09-06,25747.63
2023-09-07,26276.3
2023-09-08,25906.34
2023-09-09,25897.82
2023-09-10,25831.76
2023-09-11,25152.14
2023-09-12,25840.61
2023-09-13,26226.65
2023-09-14,26532.76
2023-09-15,26602.42
2023-09-16,26569.69
2023-09-17,26530.95
2023-09-18,26764.49
2023-09-19,27216.13
2023-09-20,27123.94
2023-09-21,26564.54
2023-09-22,26578.4
2023-09-23,26579.6
2023-09-24,26250.24
2023-09-25,26296.08
2023-09-26,26208.44
2023-09-27,26357.62
2023-09-28,27027.14
2023-09-29,26907.0
2023-09-30,26961.0
2023-10-01,27995.46
2023-10-02,27504.04
2023-10-03,27428.96
2023-10-04,27786.75
2023-10-05,27412.96
2023-10-06,27945.17
2023-10-07,27976.43
2023-10-08,27933.55
2023-10-09,27596.67
2023-10-10,27393.29
2023-10-11,26869.19
2023-10-12,26750.51
2023-10-13,26863.53
2023-10-14,26851.71
2023-10-15,27186.13
2023-10-16,28520.24
2023-10-17,28408.83
2023-10-18,28326.51
2023-10-19,28735.34
2023-10-20,29684.73
2023-10-21,29924.84
2023-10-22,30004.15
2023-10-23,33087.58
2023-10-24,33922.52
2023-10-25,34506.35
2023-10-26,34154.71
2023-10-27,33906.09
2023-10-28,34085.42
2023-10-29,34534.48
2023-10-30,34493.79
2023-10-31,34656.4
2023-11-01,35440.1
2023-11-02,34950.0
2023-11-03,34731.27
2023-11-04,35087.01
2023-11-05,35035.42
2023-11-06,35059.46
2023-11-07,35416.28
2023-11-08,35639.13
2023-11-09,36706.59
2023-11-10,37324.83
2023-11-11,37139.12
2023-11-12,37086.03
2023-11-13,36475.67
2023-11-14,35554.09
2023-11-15,37885.35
2023-11-16,36161.15
2023-11-17,36630.38
2023-11-18,36594.89
2023-11-19,37391.19
2023-11-20,37475.64
2023-11-21,35751.89
2023-11-22,37424.31
2023-11-23,37304.05
2023-11-24,37745.84
2023-11-25,37805.99
2023-11-26,37462.79
2023-11-27,37241.63
2023-11-28,37838.26
2023-11-29,37863.84
2023-11-30,37732.27
2023-12-01,38703.54
2023-12-02,39478.95
2023-12-03,39984.81
2023-12-04,41987.24
2023-12-05,44084.39
2023-12-06,43764.05
2023-12-07,43280.95
2023-12-08,44192.87
2023-12-09,43723.25
2023-12-10,43793.68
2023-12-11,41229.61
2023-12-12,41477.39
2023-12-13,42885.54
2023-12-14,43027.77
2023-12-15,41933.89
2023-12-16,42237.29
2023-12-17,41349.59
2023-12-18,42650.01
2023-12-19,42266.22
2023-12-20,43674.77
2023-12-21,43875.32
2023-12-22,44013.73
2023-12-23,43726.35
2023-12-24,43025.03
2023-12-25,43589.67
2023-12-26,42515.53
2023-12-27,43474.4
2023-12-28,42581.23
2023-12-29,42063.45
2023-12-30,42141.03
2023-12-31,42288.06
2024-01-01,44220.78
2024-01-02,44972.8
2024-01-03,42862.44
2024-01-04,44193.29
2024-01-05,44186.59
2024-01-06,43992.44
2024-01-07,43950.28
2024-01-08,46995.1
2024-01-09,46124.08
2024-01-10,46666.11
2024-01-11,46342.66
2024-01-12,42773.03
2024-01-13,42839.33
2024-01-14,41697.33
2024-01-15,42490.16
2024-01-16,43130.45
2024-01-17,42739.49
2024-01-18,41293.5
2024-01-19,41624.07
2024-01-20,41666.67
2024-01-21,41554.05
2024-01-22,39524.27
2024-01-23,39878.3
2024-01-24,40077.78
2024-01-25,39941.66
2024-01-26,41814.8
2024-01-27,42126.55
2024-01-28,42034.59
2024-01-29,43306.18
2024-01-30,42942.78
2024-01-31,42548.08
2024-02-01,43078.81
2024-02-02,43181.66
2024-02-03,43010.67
2024-02-04,42568.55
2024-02-05,42657.67
2024-02-06,43095.79
2024-02-07,44343.61
2024-02-08,45305.2
2024-02-09,47160.41
2024-02-10,47767.06
2024-02-11,48316.3
2024-02-12,49941.81
2024-02-13,49725.36
2024-02-14,51858.59
2024-02-15,51934.29
2024-02-16,52162.64
2024-02-17,51666.22
2024-02-18,52153.63
2024-02-19,51787.05
2024-02-20,52277.52
2024-02-21,51851.67
2024-02-22,51258.7
2024-02-23,50747.05
2024-02-24,51570.65
2024-02-25,51731.0
2024-02-26,54533.48
2024-02-27,57077.07
2024-02-28,62518.9
2024-02-29,61179.03
2024-03-01,62436.72
2024-03-02,62045.78
2024-03-03,63154.49
2024-03-04,68360.14
2024-03-05,63800.78
2024-03-06,66122.28
2024-03-07,66938.21
2024-03-08,68289.16
2024-03-09,68480.0
2024-03-10,69032.12
2024-03-11,72110.98
2024-03-12,71475.93
2024-03-13,73135.04
2024-03-14,71364.58
2024-03-15,69506.88
2024-03-16,65254.22
2024-03-17,68343.64
2024-03-18,67613.04
2024-03-19,61906.27
2024-03-20,67858.8
2024-03-21,65484.7
2024-03-22,63814.56
2024-03-23,63998.86
2024-03-24,67204.93
2024-03-25,69890.28
2024-03-26,69992.4
2024-03-27,69435.96
2024-03-28,70801.18
2024-03-29,69903.75
2024-03-30,69626.87
2024-03-31,71288.9
2024-04-01,69681.82
2024-04-02,65464.14
2024-04-03,65987.92
2024-04-04,68525.23
2024-04-05,67856.51
2024-04-06,68919.89
2024-04-07,69350.34
2024-04-08,71622.53
2024-04-09,69117.01
2024-04-10,70634.04
2024-04-11,70020.73
2024-04-12,67148.61
2024-04-13,64024.77
2024-04-14,65777.05
2024-04-15,63452.18
2024-04-16,63814.94
2024-04-17,61279.36
2024-04-18,63513.85
2024-04-19,63848.37
2024-04-20,64968.87
2024-04-21,64952.92
2024-04-22,66859.17
2024-04-23,66414.16
2024-04-24,64255.78
2024-04-25,64484.44
2024-04-26,63742.39
2024-04-27,63422.0
2024-04-28,63108.94
2024-04-29,63844.85
2024-04-30,60622.1
2024-05-01,58265.59
2024-05-02,59071.89
2024-05-03,62913.03
2024-05-04,63902.88
2024-05-05,64023.45
2024-05-06,63162.24
2024-05-07,62315.76
2024-05-08,61169.53
2024-05-09,63073.57
2024-05-10,60787.47
2024-05-11,60814.63
2024-05-12,61453.02
2024-05-13,62932.37
2024-05-14,61539.84
2024-05-15,66244.69
2024-05-16,65252.18
2024-05-17,67046.33
2024-05-18,66923.87
2024-05-19,66261.62
2024-05-20,71432.17
2024-05-21,70142.84
2024-05-22,69109.93
2024-05-23,67940.45
2024-05-24,68547.8
2024-05-25,69289.67
2024-05-26,68473.72
2024-05-27,69368.72
2024-05-28,68321.98
2024-05-29,67569.45
2024-05-30,68338.58
2024-05-31,67472.41
2024-06-01,67719.29
2024-06-02,67735.52
2024-06-03,68791.0
2024-06-04,70542.32
2024-06-05,71121.11
2024-06-06,70773.64
2024-06-07,69324.53
2024-06-08,69304.05
2024-06-09,69637.87
2024-06-10,69497.73
2024-06-11,67316.53
2024-06-12,68248.6
2024-06-13,66738.85
2024-06-14,66004.39
2024-06-15,66192.0
2024-06-16,66628.75
2024-06-17,66481.81
2024-06-18,65152.8
2024-06-19,64943.79
2024-06-20,64840.88
2024-06-21,64120.28
2024-06-22,64235.01
2024-06-23,63171.43
2024-06-24,60263.0
2024-06-25,61789.71
2024-06-26,60816.68
2024-06-27,61615.39
2024-06-28,60313.35
2024-06-29,60885.67
2024-06-30,62668.26
2024-07-01,62830.13
2024-07-02,62040.22
2024-07-03,60145.01
2024-07-04,57042.14
2024-07-05,56639.43
2024-07-06,58244.75
2024-07-07,55854.09
2024-07-08,56699.43
2024-07-09,58047.86
2024-07-10,57712.59
2024-07-11,57340.77
2024-07-12,57909.03
2024-07-13,59224.58
2024-07-14,60808.42
2024-07-15,64757.16
2024-07-16,65088.99
2024-07-17,64085.81
2024-07-18,63982.86
2024-07-19,66707.61
2024-07-20,67163.83
2024-07-21,68181.28
2024-07-22,67558.22
2024-07-23,65939.24
2024-07-24,65366.4
2024-07-25,65795.42
2024-07-26,67924.08
2024-07-27,67899.41
2024-07-28,68244.3
2024-07-29,66771.45
2024-07-30,66169.68
2024-07-31,64609.62
2024-08-01,65288.18
2024-08-02,61418.06
2024-08-03,60674.93
2024-08-04,58130.95
2024-08-05,54029.12
2024-08-06,56048.08
2024-08-07,55148.1
2024-08-08,61705.58
2024-08-09,60862.13
2024-08-10,60935.02
2024-08-11,58722.49
2024-08-12,59358.78
2024-08-13,60603.19
2024-08-14,58690.62
2024-08-15,57543.61
2024-08-16,58888.99
2024-08-17,59497.49
2024-08-18,58437.9
2024-08-19,59452.67
2024-08-20,59017.59
2024-08-21,61163.28
2024-08-22,60383.29
2024-08-23,64086.72
2024-08-24,64179.63
2024-08-25,64251.93
2024-08-26,62840.0
2024-08-27,59439.64
2024-08-28,59045.88
2024-08-29,59364.47
2024-08-30,59112.77
2024-08-31,58968.37
2024-09-01,57299.0
2024-09-02,59139.83
2024-09-03,57468.84
2024-09-04,57971.0
2024-09-05,56156.82
2024-09-06,53950.01
2024-09-07,54156.33
2024-09-08,54881.11
2024-09-09,57053.9
2024-09-10,57645.59
2024-09-11,57352.79
2024-09-12,58137.54
2024-09-13,60543.35
2024-09-14,60012.35
2024-09-15,59122.33
2024-09-16,58208.75
2024-09-17,60312.6
2024-09-18,61769.18
2024-09-19,62960.14
2024-09-20,63210.69
2024-09-21,63362.74
2024-09-22,63577.66
2024-09-23,63338.87
2024-09-24,64272.93
2024-09-25,63130.89
2024-09-26,65177.21
2024-09-27,65789.0
2024-09-28,65858.99
2024-09-29,65600.01
2024-09-30,63301.25
2024-10-01,60790.0
2024-10-02,60631.37
2024-10-03,60744.99
2024-10-04,62090.71
2024-10-05,62051.29
2024-10-06,62810.86
2024-10-07,62200.28
2024-10-08,62122.02
2024-10-09,60578.28
2024-10-10,60279.53
2024-10-11,62518.75
2024-10-12,63187.47
2024-10-13,62845.3
2024-10-14,66065.65
2024-10-15,67056.6
2024-10-16,67608.44
2024-10-17,67402.33
2024-10-18,68426.11
2024-10-19,68363.73
2024-10-20,69014.86
2024-10-21,67346.15
2024-10-22,67380.08
2024-10-23,66601.11
2024-10-24,68156.84
2024-10-25,66564.51
2024-10-26,67012.56
2024-10-27,67943.19
2024-10-28,69924.5
2024-10-29,72724.35
2024-10-30,72322.91
2024-10-31,70197.83
2024-11-01,69467.29
2024-11-02,69358.94
2024-11-03,68738.18
2024-11-04,67807.48
2024-11-05,69380.73
2024-11-06,75646.55
2024-11-07,75920.0
2024-11-08,76566.73
2024-11-09,76716.06
2024-11-10,80428.92
2024-11-11,88770.73
2024-11-12,88035.43
2024-11-13,90493.82
2024-11-14,87340.4
2024-11-15,91058.36
2024-11-16,90636.24
2024-11-17,89886.69
2024-11-18,90520.3
2024-11-19,92435.89
2024-11-20,94393.15
2024-11-21,98439.09
2024-11-22,99024.03
2024-11-23,97778.77
2024-11-24,98028.18
2024-11-25,93000.01
2024-11-26,91929.54
2024-11-27,95951.19
2024-11-28,95665.53
2024-11-29,97490.56
2024-11-30,96465.42
2024-12-01,97263.18
2024-12-02,95862.89
2024-12-03,95924.52
2024-12-04,98746.24
2024-12-05,97044.23
2024-12-06,99891.35
2024-12-07,99929.32
2024-12-08,101174.99
2024-12-09,97324.81
2024-12-10,96660.76
2024-12-11,101202.11
2024-12-12,100030.47
2024-12-13,101428.75
2024-12-14,101399.99
2024-12-15,104447.76
2024-12-16,106099.81
2024-12-17,106136.99
2024-12-18,100150.73
2024-12-19,97372.21
2024-12-20,97765.0
2024-12-21,97230.08
2024-12-22,95087.75
2024-12-23,94764.56
2024-12-24,98594.47
2024-12-25,99346.28
2024-12-26,95669.49
2024-12-27,94171.89
2024-12-28,95130.82
2024-12-29,93563.35
2024-12-30,92620.71
2024-12-31,93354.22
2025-01-01,94383.59
2025-01-02,96903.19
2025-01-03,98136.51
2025-01-04,98209.85
2025-01-05,98345.33
2025-01-06,102279.41
2025-01-07,96941.98
2025-01-08,95036.63
2025-01-09,92547.44
2025-01-10,94701.18
2025-01-11,94565.02
2025-01-12,94509.62
2025-01-13,94506.45
2025-01-14,96534.96
2025-01-15,100510.23
2025-01-16,99981.78
2025-01-17,104107.0
2025-01-18,104435.0
2025-01-19,101211.13
2025-01-20,102145.43
2025-01-21,106159.26
2025-01-22,103667.11
2025-01-23,103926.36
2025-01-24,104850.27
2025-01-25,104733.56
2025-01-26,102563.0
2025-01-27,102062.42
2025-01-28,101290.0
2025-01-29,103747.25
2025-01-30,104742.64
2025-01-31,102411.26
2025-02-01,100623.85
2025-02-02,97676.52
2025-02-03,101460.2
2025-02-04,97795.05
2025-02-05,96638.33
2025-02-06,96564.62
2025-02-07,96537.08
2025-02-08,96476.25
2025-02-09,96475.82
2025-02-10,97444.41
2025-02-11,95774.08
2025-02-12,97862.53
2025-02-13,96625.29
2025-02-14,97509.03
2025-02-15,97596.94
2025-02-16,96119.88
2025-02-17,95781.8
2025-02-18,95607.4
2025-02-19,96632.03
2025-02-20,98347.2
2025-02-21,96157.03
2025-02-22,96582.12
2025-02-23,96265.98
2025-02-24,91510.82
2025-02-25,88583.74
2025-02-26,84111.78
2025-02-27,84625.19
2025-02-28,84297.73
2025-03-01,86018.76
2025-03-02,94265.48
2025-03-03,86161.1
2025-03-04,87249.96
2025-03-05,90603.73
2025-03-06,89921.85
2025-03-07,86756.98
2025-03-08,86206.69
2025-03-09,80699.17
2025-03-10,78544.71
2025-03-11,82914.51
2025-03-12,83659.43
2025-03-13,81073.43
2025-03-14,83980.49
2025-03-15,84351.46
2025-03-16,82562.57
2025-03-17,84011.4
2025-03-18,82698.76
2025-03-19,86877.96
2025-03-20,84183.42
2025-03-21,84061.96
2025-03-22,83852.03
2025-03-23,86092.94
2025-03-24,87523.62
2025-03-25,87427.88
2025-03-26,86926.01
2025-03-27,87217.48
2025-03-28,84381.8
2025-03-29,82616.83
2025-03-30,82379.98
2025-03-31,82534.32
2025-04-01,85170.37
2025-04-02,82490.08
2025-04-03,83174.33
2025-04-04,83860.16
2025-04-05,83498.25
2025-04-06,78370.75
2025-04-07,79140.01
2025-04-08,76251.64
2025-04-09,82594.75
2025-04-10,79552.34
2025-04-11,83380.47
2025-04-12,85271.01
2025-04-13,83733.07
2025-04-14,84590.36
2025-04-15,83629.78
2025-04-16,84028.72
2025-04-17,84961.97
2025-04-18,84466.47
2025-04-19,85074.99
2025-04-20,85177.34
2025-04-21,87522.07
2025-04-22,93489.1
2025-04-23,93740.92
2025-04-24,94021.96
2025-04-25,94708.79
2025-04-26,94666.64
2025-04-27,93780.57
2025-04-28,95042.57
2025-04-29,94271.09
2025-04-30,94182.54
2025-05-01,96524.98
2025-05-02,96929.81
2025-05-03,95861.33
2025-05-04,94272.55
2025-05-05,94733.99
2025-05-06,96839.17
2025-05-07,97058.32
2025-05-08,103253.49
2025-05-09,102986.96
2025-05-10,104821.19
2025-05-11,104137.62
2025-05-12,102800.21
2025-05-13,104131.06
2025-05-14,103545.38
2025-05-15,103786.43
2025-05-16,103500.03
2025-05-17,103161.07
2025-05-18,106473.46
2025-05-19,105616.18
2025-05-20,106883.24
2025-05-21,109699.54
2025-05-22,111722.53
2025-05-23,107329.61
2025-05-24,107794.01
2025-05-25,109048.68
2025-05-26,109464.32
2025-05-27,108978.46
2025-05-28,107819.29
2025-05-29,105572.58
2025-05-30,104033.26
2025-05-31,104645.87
2025-06-01,105697.94
2025-06-02,105904.94
2025-06-03,105447.82
2025-06-04,104753.38
2025-06-05,101570.2
2025-06-06,104397.99
2025-06-07,105619.02
2025-06-08,105784.4
2025-06-09,110301.15
2025-06-10,110300.24
2025-06-11,108669.37
2025-06-12,105721.05
2025-06-13,106118.7
2025-06-14,105465.42
2025-06-15,105599.25
2025-06-16,106853.38
2025-06-17,104590.44
2025-06-18,104915.6
2025-06-19,104671.9
2025-06-20,103317.8
2025-06-21,102160.03
2025-06-22,100996.87
2025-06-23,105419.39
2025-06-24,106141.0
2025-06-25,107400.22
2025-06-26,107029.64
2025-06-27,107113.38
2025-06-28,107352.2
2025-06-29,108386.44
2025-06-30,107173.21
2025-07-01,105711.78
2025-07-02,108888.32
2025-07-03,109628.83
2025-07-04,108028.6
2025-07-05,108246.65
2025-07-06,109217.98
2025-07-07,108269.84
2025-07-08,108958.04
2025-07-09,111282.85
2025-07-10,116031.3
2025-07-11,117582.16
2025-07-12,117472.65
2025-07-13,119130.81
2025-07-14,119863.71
2025-07-15,117781.64
2025-07-16,118681.68
2025-07-17,119273.69
2025-07-18,118023.05
2025-07-19,117914.17
2025-07-20,117312.7
2025-07-21,117428.79
2025-07-22,120026.42
2025-07-23,118810.44
2025-07-24,118397.04
2025-07-25,117633.27
2025-07-26,117969.63
2025-07-27,119465.52
2025-07-28,118070.59
2025-07-29,117933.39
2025-07-30,117830.15
2025-07-31,115761.13
2025-08-01,113248.73
2025-08-02,112542.74
2025-08-03,114215.73
2025-08-04,115051.85
2025-08-05,114112.95
2025-08-06,115028.83
2025-08-07,117515.49
2025-08-08,116683.79
2025-08-09,116492.51
2025-08-10,119309.37
2025-08-11,118701.84
2025-08-12,120113.18
2025-08-13,123365.63
2025-08-14,118389.79
2025-08-15,117436.96
2025-08-16,117455.68
2025-08-17,117488.6
2025-08-18,116286.76
2025-08-19,112856.19
2025-08-20,114276.0
2025-08-21,112480.3
2025-08-22,116908.68
2025-08-23,115383.87
2025-08-24,113478.0
2025-08-25,110127.74
2025-08-26,111788.01
2025-08-27,111253.21
2025-08-28,112574.85
2025-08-29,108378.32
2025-08-30,108827.93
2025-08-31,108247.95
2025-09-01,109240.55
2025-09-02,111247.94
2025-09-03,111756.41
2025-09-04,110720.79
2025-09-05,110670.02
2025-09-06,110212.6
2025-09-07,111129.61
2025-09-08,112072.57
2025-09-09,111549.32
2025-09-10,113983.97
2025-09-11,115540.0
2025-09-12,116106.03
2025-09-13,115968.35
2025-09-14,115314.13
2025-09-15,115381.08
2025-09-16,116832.56
2025-09-17,116484.4
2025-09-18,117117.99
2025-09-19,115690.55
2025-09-20,115752.4
2025-09-21,115282.27
2025-09-22,112736.59
2025-09-23,112017.21
2025-09-24,113348.17
2025-09-25,109035.72
2025-09-26,109697.29
2025-09-27,109681.16
2025-09-28,112197.67
2025-09-29,114365.07
2025-09-30,114067.71
2025-10-01,118659.97
2025-10-02,120621.32
2025-10-03,122318.4
2025-10-04,122458.56
2025-10-05,123520.79
2025-10-06,124720.09
2025-10-07,121393.95
2025-10-08,123343.25
2025-10-09,121714.51
2025-10-10,112980.28
2025-10-11,110768.89
2025-10-12,115067.98
2025-10-13,115274.03
2025-10-14,113068.0
2025-10-15,110804.12
2025-10-16,108198.0
2025-10-17,106463.3
2025-10-18,107208.91
2025-10-19,108676.78
2025-10-20,110568.06
2025-10-21,108362.27
2025-10-22,107585.98
2025-10-23,110116.03
2025-10-24,111042.13
2025-10-25,111666.21
2025-10-26,114548.09
2025-10-27,114087.06
2025-10-28,112906.75
2025-10-29,110032.13
2025-10-30,108308.18
2025-10-31,109555.27
2025-11-01,110052.25
2025-11-02,110536.01
2025-11-03,106557.98
2025-11-04,101468.15
2025-11-05,103869.0
2025-11-06,101290.5
2025-11-07,103284.27
2025-11-08,102285.57
2025-11-09,104694.95
2025-11-10,105979.38
2025-11-11,103009.35
2025-11-12,101639.01
2025-11-13,99614.54
2025-11-14,94503.96
2025-11-15,95544.94
2025-11-16,94183.97
2025-11-17,92100.6
2025-11-18,92914.46
2025-11-19,91461.6
2025-11-20,86536.88
2025-11-21,85068.88
2025-11-22,84684.0
2025-11-23,86808.28
2025-11-24,88266.2
2025-11-25,87325.01
2025-11-26,90468.84
2025-11-27,91316.7
2025-11-28,90902.7
2025-11-29,90828.06
2025-11-30,90369.51
2025-12-01,86282.36
2025-12-02,91308.05
2025-12-03,93453.84
2025-12-04,92093.54
2025-12-05,89345.29
2025-12-06,89267.97
2025-12-07,90402.29
2025-12-08,90653.86
2025-12-09,92690.0
2025-12-10,92035.99
2025-12-11,92542.0
2025-12-12,90278.0
2025-12-13,90255.32
2025-12-14,88171.61
2025-12-15,86417.5
2025-12-16,87854.01
2025-12-17,86209.77
2025-12-18,85460.02
2025-12-19,88092.65
2025-12-20,88324.0
2025-12-21,88639.95
2025-12-22,88556.77
2025-12-23,87429.32
2025-12-24,87609.03
2025-12-25,87171.68
2025-12-26,87296.01
2025-12-27,87808.0
2025-12-28,87877.29
2025-12-29,87110.78
2025-12-30,88397.5
2025-12-31,87497.94
2026-01-01,88738.34
2026-01-02,89957.99
2026-01-03,90598.02
2026-01-04,91494.0
2026-01-05,93870.06
2026-01-06,93722.01
2026-01-07,91279.73
2026-01-08,91026.0
2026-01-09,90515.45
2026-01-10,90385.54
2026-01-11,90872.01
2026-01-12,91188.09
2026-01-13,95384.23
2026-01-14,96955.16
2026-01-15,95587.65
2026-01-16,95504.0
2026-01-17,95109.99
2026-01-18,93633.53
2026-01-19,92559.66
2026-01-20,88310.6
2026-01-21,89363.71
2026-01-22,89463.5
2026-01-23,89474.93
2026-01-24,89082.17
2026-01-25,86561.94
2026-01-26,88250.01
2026-01-27,89116.96
2026-01-28,89162.4
2026-01-29,84513.2
2026-01-30,84110.99
2026-01-31,78648.0
2026-02-01,76895.53
2026-02-02,78666.85
2026-02-03,75661.49
2026-02-04,72998.0
2026-02-05,62791.0
2026-02-06,70527.7
2026-02-07,69244.74
2026-02-08,70279.33
2026-02-09,70101.99
2026-02-10,68803.65
2026-02-11,67024.93
2026-02-12,66208.0
2026-02-13,68812.0
2026-02-14,69786.96
2026-02-15,68792.0
2026-02-16,68858.13
2026-02-17,67466.7
2026-02-18,66419.79
2026-02-19,66972.5
2026-02-20,67984.42
2026-02-21,67955.78
2026-02-22,67617.98
2026-02-23,64625.78
2026-02-24,64068.33
2026-02-25,67992.68
2026-02-26,67490.51
2026-02-27,65859.94
2026-02-28,66967.85
2026-03-01,65769.0
2026-03-02,68832.01
2026-03-03,68335.99
2026-03-04,72683.26
2026-03-05,70887.6
2026-03-06,68108.24
2026-03-07,67259.62
2026-03-08,65970.56
2026-03-09,68432.17
2026-03-10,69960.83
2026-03-11,70208.0
2026-03-12,70531.56
2026-03-13,70944.33
2026-03-14,71232.02
2026-03-15,72830.01
2026-03-16,74886.47
2026-03-17,73934.11
2026-03-18,71245.02
2026-03-19,69918.3
2026-03-20,70497.01
2026-03-21,68912.02
2026-03-22,67844.94
2026-03-23,70874.23
2026-03-24,70533.49
2026-03-25,71301.53
2026-03-26,68769.02
2026-03-27,66353.34
2026-03-28,66320.15
2026-03-29,65956.94
2026-03-30,66737.18
2026-03-31,68221.85
2026-04-01,68112.35
2026-04-02,66894.48
2026-04-03,66959.99
2026-04-04,67291.73
2026-04-05,69005.0
2026-04-06,68853.61
2026-04-07,71910.2
2026-04-08,71085.99
2026-04-09,71798.01
2026-04-10,72997.88
2026-04-11,73086.0
2026-04-12,70755.35
2026-04-13,74446.0
2026-04-14,74179.04
2026-04-15,74836.31
2026-04-16,75163.09
2026-04-17,77098.01
2026-04-18,75736.82
2026-04-19,73823.14
2026-04-20,75864.86
2026-04-21,76348.58
2026-04-22,78208.52
2026-04-23,78281.32
2026-04-24,77461.8
2026-04-25,77650.72
2026-04-26,78673.83
2026-04-27,77364.42
2026-04-28,76317.99
2026-04-29,75752.88
2026-04-30,76305.78
2026-05-01,78234.05
2026-05-02,78682.31
2026-05-03,78558.89
2026-05-04,79852.37
2026-05-05,80907.72
2026-05-06,81438.1
2026-05-07,80005.38
2026-05-08,80188.82
2026-05-09,80655.96
2026-05-10,82199.99
2026-05-11,81727.06
2026-05-12,80484.72
2026-05-13,79288.26
2026-05-14,81079.39
2026-05-15,79058.51
2026-05-16,78105.45
2026-05-17,77407.59
2026-05-18,76943.98
2026-05-19,76767.48
2026-05-20,77475.99
2026-05-21,77547.62
2026-05-22,75443.91
2026-05-23,76650.0
2026-05-24,76975.99
2026-05-25,77249.07
2026-05-26,75826.1
2026-05-27,74315.98
2026-05-28,73512.56
2026-05-29,73366.77
2026-05-30,73770.69
2026-05-31,73575.17
2026-06-01,71314.42
2026-06-02,66658.35
2026-06-03,64040.0
2026-06-04,63806.02
2026-06-05,61032.0
2026-06-06,60850.48
2026-06-07,63302.73
2026-06-08,63062.98
2026-06-09,61685.8
2026-06-10,61449.46
2026-06-11,63563.42
2026-06-12,63538.43
2026-06-13,64429.99
2026-06-14,65706.62
2026-06-15,66276.8
2026-06-16,65616.64
2026-06-17,64446.04
2026-06-18,62879.01
2026-06-19,63475.2
2026-06-20,64222.99
2026-06-21,63235.63
2026-06-22,63950.61
2026-06-23,62644.86
2026-06-24,60983.13
2026-06-25,59703.65
2026-06-26,60002.53
2026-06-27,59934.84
2026-06-28,59474.01
2026-06-29,60162.73
2026-06-30,58523.93
2026-07-01,59961.45
2026-07-02,61484.02
2026-07-03,62520.22
2026-07-04,63086.45
2026-07-05,63580.44
2026-07-06,64001.84
2026-07-07,63323.27
2026-07-08,62237.7
2026-07-09,63175.25
2026-07-10,64128.49
2026-07-11,63773.04
2026-07-12,63740.32
2026-07-13,62264.94
2026-07-14,64988.64
2026-07-15,64716.63
2026-07-16,63770.6
2026-07-17,63894.0
2026-07-18,64796.36
2026-07-19,64681.78
2026-07-20,65213.05
2026-07-21,66516.18
2026-07-22,66086.61
2026-07-23,65051.23
2026-07-24,64083.32
2026-07-25,64295.61
2026-07-26,65341.07
2026-07-27,63694.43
2026-07-28,63847.12
2026-07-29,63896.14
2026-07-30,64721.9
2026-07-31,62825.9
2026-08-01,62764.2
2026-08-02,63499.49
2026-08-03,63466.51
2026-08-04,64050.51
2026-08-05,64603.03
2026-08-06,64267.3
2026-08-07,64891.61
2026-08-08,64908.72
2026-08-09,64848.69
2026-08-10,63911.88
2026-08-11,63531.75
2026-08-12,63411.72
2026-08-13,63425.35
2026-08-14,62975.19
2026-08-15,63018.75
2026-08-16,62836.66
2026-08-17,64484.18
2026-08-18,64681.33
2026-08-19,69300.01
2026-08-20,73011.87
2026-08-21,78325.54
2026-08-22,77054.44
2026-08-23,77729.36
2026-08-24,78981.59
2026-08-25,78526.8
2026-08-26,79026.18
2026-08-27,80275.34
2026-08-28,77839.19
2026-08-29,78233.93
2026-08-30,77665.14
2026-08-31,78562.74
2026-09-01,77398.69
2026-09-02,77307.36
2026-09-03,81263.99
2026-09-04,79675.12
2026-09-05,79831.57
2026-09-06,80339.13
2026-09-07,79091.97
2026-09-08,78447.11
2026-09-09,78283.98
2026-09-10,76536.55
2026-09-11,77208.55
2026-09-12,77262.85
2026-09-13,76799.85
2026-09-14,78175.01
2026-09-15,75584.17
2026-09-16,76144.99
2026-09-17,76757.02
