date,interesse
2015-01-01,3.0
2015-02-01,3.0
2015-03-01,3.0
2015-04-01,2.0
2015-05-01,2.0
2015-06-01,2.0
2015-07-01,3.0
2015-08-01,3.0
2015-09-01,2.0
2015-10-01,3.0
2015-11-01,3.0
2015-12-01,4.0
2016-01-01,3.0
2016-02-01,3.0
2016-03-01,3.0
2016-04-01,3.0
2016-05-01,4.0
2016-06-01,4.0
2016-07-01,3.0
2016-08-01,3.0
2016-09-01,3.0
2016-10-01,3.0
2016-11-01,4.0
2016-12-01,5.0
2017-01-01,6.0
2017-02-01,6.0
2017-03-01,7.000000000000001
2017-04-01,6.0
2017-05-01,15.0
2017-06-01,16.0
2017-07-01,13.0
2017-08-01,21.0
2017-09-01,21.0
2017-10-01,22.0
2017-11-01,46.0
2017-12-01,100.0
2018-01-01,56.00000000000001
2018-02-01,41.0
2018-03-01,23.0
2018-04-01,18.0
2018-05-01,14.000000000000002
2018-06-01,13.0
2018-07-01,13.0
2018-08-01,13.0
2018-09-01,12.0
2018-10-01,10.0
2018-11-01,14.000000000000002
2018-12-01,13.0
2019-01-01,10.0
2019-02-01,9.0
2019-03-01,9.0
2019-04-01,12.0
2019-05-01,15.0
2019-06-01,20.0
2019-07-01,18.0
2019-08-01,15.0
2019-09-01,12.0
2019-10-01,12.0
2019-11-01,11.0
2019-12-01,11.0
2020-01-01,13.0
2020-02-01,14.000000000000002
2020-03-01,19.0
2020-04-01,15.0
2020-05-01,20.0
2020-06-01,14.000000000000002
2020-07-01,13.0
2020-08-01,16.0
2020-09-01,12.0
2020-10-01,14.000000000000002
2020-11-01,23.0
2020-12-01,32.0
2021-01-01,62.757894736842104
2021-02-01,71.3157894736842
2021-03-01,48.49473684210526
2021-04-01,50.63421052631579
2021-05-01,64.89736842105263
2021-06-01,46.35526315789474
2021-07-01,31.378947368421052
2021-08-01,30.665789473684214
2021-09-01,31.378947368421052
2021-10-01,36.37105263157895
2021-11-01,33.51842105263158
2021-12-01,34.23157894736842
2022-01-01,41.363157894736844
2022-02-01,36.37105263157895
2022-03-01,29.95263157894737
2022-04-01,23.53421052631579
2022-05-01,35.6578947368421
2022-06-01,40.65
2022-07-01,29.239473684210527
2022-08-01,22.107894736842105
2022-09-01,21.394736842105264
2022-10-01,17.11578947368421
2022-11-01,26.38684210526316
2022-12-01,18.542105263157893
2023-01-01,19.96842105263158
2023-02-01,19.25526315789474
2023-03-01,24.24736842105263
2023-04-01,20.681578947368422
2023-05-01,17.82894736842105
2023-06-01,18.542105263157893
2023-07-01,17.82894736842105
2023-08-01,17.11578947368421
2023-09-01,17.11578947368421
2023-10-01,18.542105263157893
2023-11-01,19.96842105263158
2023-12-01,23.53421052631579
2024-01-01,27.1
2024-02-01,24.960526315789473
2024-03-01,41.363157894736844
2024-04-01,30.665789473684214
2024-05-01,22.107894736842105
2024-06-01,19.25526315789474
2024-07-01,21.394736842105264
2024-08-01,22.821052631578947
2024-09-01,18.542105263157893
2024-10-01,18.542105263157893
2024-11-01,47.06842105263158
2024-12-01,41.363157894736844
2025-01-01,32.805263157894736
2025-02-01,26.38684210526316
2025-03-01,27.1
2025-04-01,22.107894736842105
2025-05-01,22.821052631578947
2025-06-01,19.25526315789474
2025-07-01,24.24736842105263
2025-08-01,35.6578947368421
2025-09-01,26.38684210526316
2025-10-01,32.0921052631579
2025-11-01,39.223684210526315
2025-12-01,28.52631578947368
2026-01-01,25.673684210526314
2026-02-01,41.363157894736844
2026-03-01,29.95263157894737
2026-04-01,24.960526315789473
2026-05-01,23.53421052631579
2026-06-01,27.1
2026-07-01,20.681578947368422
2026-08-01,21.394736842105264
2026-09-01,18.542105263157893
